value,label
AAAP,AAAP - Advanced Accele. Ads
AAL,AAL - American Airlines Gp
AAME,AAME - Atlantic Amer Cp
AAOI,AAOI - Applied Optoelect Cmn
AAON,AAON - Aaon Inc
AAPC,AAPC - Atlantic Alliance Or
AAPL,AAPL - Apple Inc
AAWW,AAWW - Atlas Air Ww
AAXJ,AAXJ - Ishares MSCI Aca X-Japan
AAXN,AAXN - Axon Inc
ABAC,ABAC - Aoxin Tianli Grp
ABAX,ABAX - Abaxis Inc
ABCB,ABCB - Ameris Bancorp
ABCD,ABCD - Cambium Learning Grp
ABCO,ABCO - Advisory Board Co
ABDC,ABDC - Alcentra Capital Com
ABEO,ABEO - Abeona Therapeutics
ABEOW,ABEOW - Abeona Thera Wts
ABIL,ABIL - Ability Inc
ABIO,ABIO - Arca Biopharma Inc
ABMD,ABMD - Abiomed Inc
ABTL,ABTL - Autobytel Inc
ABTX,ABTX - Allegiance Banc CS
ABUS,ABUS - Arbutus Biopharma Cp
ABY,ABY - Atlantica Yield Plc
ACAD,ACAD - Acadia Pharmaceutica
ACBI,ACBI - Atlantic Capital Cmn
ACET,ACET - Aceto Cp
ACFC,ACFC - Atlantic Coast Finl
ACGL,ACGL - Arch Capital Grp Ltd
ACGLP,ACGLP - Arch Capital Group Ltd
ACHC,ACHC - Acadia Healthcr Co
ACHN,ACHN - Achillion Pharmaceut
ACIA,ACIA - Acacia Communica Cmn
ACIU,ACIU - AC Immune Sa
ACIW,ACIW - Aci Worldwide Inc
ACLS,ACLS - Axcelis Tech Inc
ACNB,ACNB - Acnb Corp
ACOR,ACOR - Acorda Therapeutics
ACRS,ACRS - Aclaris Therapts Cmn
ACRX,ACRX - Acelrx Pharmaceutica
ACSF,ACSF - American Capital Sen
ACST,ACST - Acasti Pharma Cmn A
ACTA,ACTA - Actua Corp Cmn
ACTG,ACTG - Acacia Res-Acacia
ACTX,ACTX - Glbl X Guru Actv ETF
ACWI,ACWI - Ishares MSCI ACWI
ACWX,ACWX - Ishares MSCI ACWI
ACXM,ACXM - Acxiom Cp
ADAP,ADAP - Adaptimmune Ther Ads
ADBE,ADBE - Adobe Systems Inc
ADES,ADES - Advanced Emissions Solutions Inc
ADHD,ADHD - Alcobra Ltd. Ord
ADI,ADI - Analog Devices Cmn
ADMA,ADMA - Adma Biologics Cmn
ADMP,ADMP - Adamis Pharmaceuticl
ADMS,ADMS - Adamas Pharma Cmn
ADP,ADP - Automatic Data Procs
ADRA,ADRA - Bldrs Asia 50 Fd
ADRD,ADRD - Bldrs Dev Mkts 100
ADRE,ADRE - Bldrs EM Mkts 50
ADRO,ADRO - Aduro Biotech Cmn
ADRU,ADRU - Bldrs EUR 100 Fd
ADSK,ADSK - Autodesk Inc
ADTN,ADTN - Adtran Inc
ADUS,ADUS - Addus Homecare Corpo
ADVM,ADVM - Adverum Biotechnlgs
ADXS,ADXS - Advaxis Inc Cmn Stk
ADXSW,ADXSW - Advaxis Inc Wts
AEGN,AEGN - Aegion Corp Cmn Stk
AEHR,AEHR - Aehr Test Systems
AEIS,AEIS - Advanced Energy
AEMD,AEMD - Aethlon Medical Cmn
AERI,AERI - Aerie Pharmaceutical
AETI,AETI - American Electric Te
AEY,AEY - Addvantage Techs Grp
AEZS,AEZS - Aeterna Zentaris
AFAM,AFAM - Almost Family Inc
AFH,AFH - Atlas Fincl Hld Ord
AFMD,AFMD - Affimed N.V.
AFSI,AFSI - Amtrust Financial
AGEN,AGEN - Agenus Inc
AGFS,AGFS - Agrofresh Solutions
AGFSW,AGFSW - Agrofresh Sol Wrrnts
AGII,AGII - Argo Group Intl Hlds
AGIIL,AGIIL - Argo Grp Itl Snr NTS
AGIO,AGIO - Agios Pharmaceutical
AGLE,AGLE - Aeglea Biothera Cmn
AGNC,AGNC - American Capital Age
AGNCB,AGNCB - American Cap Agy Cor
AGNCP,AGNCP - American Capital Pfd
AGND,AGND - Wt Brclys Usagg Ndur
AGRX,AGRX - Agile Therap Cmn Stk
AGTC,AGTC - Applied Genetic Tech
AGYS,AGYS - Agilysys Inc
AGZD,AGZD - Wt Barc Usagg Zro Dr
AHGP,AHGP - Alliance Holdings Gp
AHPA,AHPA - Avista Healthcare Public Acquisition Corp. Class
AHPAU,AHPAU - Avista Healthcare Public Acquisition Corp
AHPAW,AHPAW - Avista Healthcare Public Acquisition Corp. Warra
AHPI,AHPI - Allied Healthcare
AIA,AIA - Ishares Asia 50 ETF
AIMC,AIMC - Altra Indtl Mtn Cmn
AIMT,AIMT - Aimmune Therap Cmn
AINV,AINV - Apollo Investment Co
AIQ,AIQ - Alliance Hlthcare Cmn
AIRG,AIRG - Airgain Inc
AIRM,AIRM - Air Methods Cp
AIRR,AIRR - First Trust Rba Am I
AIRT,AIRT - Air T Inc
AKAM,AKAM - Akamai Technologies
AKAO,AKAO - Achaogen Inc Cmn
AKBA,AKBA - Akebia Therapeutics
AKER,AKER - Akers Biosciences Cmn
AKRX,AKRX - Akorn Inc
AKTS,AKTS - Akoustis Technologies Inc
AKTX,AKTX - Akari Therapeutics
ALBO,ALBO - Albireo Pharma Inc
ALCO,ALCO - Alico Inc
ALDR,ALDR - Alder Biopharma Cmn
ALDX,ALDX - Aldeyra Therapeu Cmn
ALGN,ALGN - Align Technology I
ALGT,ALGT - Allegiant Travel Com
ALIM,ALIM - Alimera Sciences Inc
ALJJ,ALJJ - Alj Regional Hold Cmn
ALKS,ALKS - Alkermes Plc
ALLT,ALLT - Allot Communications
ALNY,ALNY - Alnylam Pharmaceut
ALOG,ALOG - Analogic Cp
ALOT,ALOT - Astronova Inc
ALQA,ALQA - Alliqua Biomedical
ALRM,ALRM - Alarm.Com Cmn
ALSK,ALSK - Alaska Commun Sys
ALTY,ALTY - Global X Sprdv ETF
ALXN,ALXN - Alexion Pharm Inc
AMAG,AMAG - Amag Pharmaceuticals
AMAT,AMAT - Applied Materials
AMBA,AMBA - Ambarella Inc
AMBC,AMBC - Ambac Financial Grp
AMBCW,AMBCW - Ambac Financial Grp
AMCN,AMCN - Airmedia Group Inc
AMCX,AMCX - Amc Networks Cl A
AMD,AMD - Adv Micro Devices
AMDA,AMDA - Amedica Corporation
AMED,AMED - Amedisys Inc
AMGN,AMGN - Amgen
AMKR,AMKR - Amkor Technology
AMMA,AMMA - Alliance Mma Inc
AMNB,AMNB - American Natl Bksh
AMOT,AMOT - Allied Motion Tech
AMPH,AMPH - Amphastar Pharma Cmn
AMRB,AMRB - American River Bkshs
AMRI,AMRI - Albany Molecular Res
AMRK,AMRK - A-Mark Precious Meta
AMRN,AMRN - Amarin Corp Ads
AMRS,AMRS - Amyris Inc
AMSC,AMSC - Amer Superconductor
AMSF,AMSF - Amerisafe Inc
AMSWA,AMSWA - Amer Software Inc
AMTD,AMTD - TD Ameritrade HD Cmn
AMTX,AMTX - Aemetis Inc Cmn Stk
AMWD,AMWD - Amer Woodmark Cp
AMZN,AMZN - Amazon.Com Inc
ANAB,ANAB - Anaptysbio Inc
ANAT,ANAT - Amer Natl Insurance
ANCB,ANCB - Anchor Bancorp
ANCX,ANCX - Access National Corp
ANDA,ANDA - Andina Acq Cp Ord Sh
ANDAR,ANDAR - Andina Acq Cp Rt
ANDAU,ANDAU - Andina Acq Cp Unit
ANDAW,ANDAW - Andina Acq Cp Wt
ANDE,ANDE - Andersons Inc
ANGI,ANGI - Angie's List Inc
ANGO,ANGO - Angiodynamics Inc
ANIK,ANIK - Anika Therapeutics
ANIP,ANIP - ANI  Pharma Inc
ANSS,ANSS - Ansys Inc
ANTH,ANTH - Anthera Pharmaceutic
ANY,ANY - Sphere 3D Corp
AOBC,AOBC - American Outdoor Brands Corp
AOSL,AOSL - Alpha and Omega Semi
APDN,APDN - Applied Dna Scns Cmn
APDNW,APDNW - Applied Dna Sci Wrnt
APEI,APEI - American Pub. Edu.
APEN,APEN - Apollo Endosurgery Inc
APLP,APLP - Archrock Partners LP
APOG,APOG - Apogee Entrpr Inc
APOP,APOP - Cellect Biotechnology Ltd
APOPW,APOPW - Cellect Biotechnology Ltd
APPF,APPF - Appfolio Cl A Cmn
APPS,APPS - Digital Turbine Cmn
APRI,APRI - Apricus Biosc Inc
APTI,APTI - Apptio Inc
APTO,APTO - Aptose Bioscns Cmn
APVO,APVO - Aptevo Therapeutics Inc
APWC,APWC - Asia Pac Wire &Cable
AQB,AQB - Aquabounty Technologies Inc
AQMS,AQMS - Aqua Metals Inc Cmn
AQXP,AQXP - Aquinox Pharmaceutic
ARAY,ARAY - Accuray Incorporated
ARCB,ARCB - Arcbest Corp
ARCC,ARCC - Ares Capital Corp
ARCI,ARCI - Applnc Rcycl Ct Amer
ARCW,ARCW - Arc Group Worldwide
ARDM,ARDM - Aradigm Corp Cmn
ARDX,ARDX - Ardelyx Inc Cmn
AREX,AREX - Approach Res. Inc
ARGS,ARGS - Argos Therapeutics
ARII,ARII - American Railcar Ind
ARIS,ARIS - Ari Network Svcs
ARKR,ARKR - Ark Restaurants Cp
ARLP,ARLP - Alliance Resource Pt
ARLZ,ARLZ - Aralez Pharm Inc
ARNA,ARNA - Arena Pharmaceutical
AROW,AROW - Arrow Financial Corp
ARQL,ARQL - Arqule Inc
ARRS,ARRS - Arris Group Inc
ARRY,ARRY - Array Biopharma Inc
ARTNA,ARTNA - Artesian Res Cp A
ARTW,ARTW - Art S Way MFG Co I
ARTX,ARTX - Arotech Corp
ARWR,ARWR - Arrowhead Pharma
ASBB,ASBB - Asb Bancorp Inc
ASCMA,ASCMA - Ascent Capital Group
ASET,ASET - Flxsh Rl As Al Ix Fd
ASFI,ASFI - Asta Funding Inc
ASMB,ASMB - Assembly Biosciences
ASML,ASML - Asml Hldg NY Reg
ASNA,ASNA - Ascena Retail Grp Cmn
ASND,ASND - Ascendis Pharma Ads
ASPS,ASPS - Altisource Portfolio
ASRV,ASRV - Ameriserv Financial
ASRVP,ASRVP - Ameriserv Fin Cap
ASTC,ASTC - Astrotech Corp
ASTE,ASTE - Astec Inds Inc
ASUR,ASUR - Asure Software
ASYS,ASYS - Amtech Systems Inc
ATAI,ATAI - Ata Inc ADR
ATAX,ATAX - Amer First Mf Inv
ATEC,ATEC - Alphatec Holdings
ATHN,ATHN - Athenahealth Inc
ATHX,ATHX - Athersys Inc
ATLC,ATLC - Atlanticus Hldg Cp
ATLO,ATLO - Ames Natl Corp
ATNI,ATNI - Atn International
ATOM,ATOM - Atomera Inc
ATOS,ATOS - Atossa Genetics Inc
ATRA,ATRA - Atara Biotherap Cmn
ATRC,ATRC - Atricure Inc
ATRI,ATRI - Atrion Corp
ATRO,ATRO - Astronics Cp
ATRS,ATRS - Antares Pharma Cmn
ATSG,ATSG - Air Transport
ATTU,ATTU - Attunity Ltd
ATVI,ATVI - Activision Blizzard
AUBN,AUBN - Auburn Natl Bncp I
AUDC,AUDC - Audiocodes Ltd
AUPH,AUPH - Aurinia Pharm Ord
AVAV,AVAV - Aerovironment Inc
AVDL,AVDL - Avadel Pharmaceuticals Plc
AVEO,AVEO - Aveo Pharmaceuticals
AVGO,AVGO - Broadcom Ltd
AVGR,AVGR - Avinger Inc Cmn
AVHI,AVHI - A V Homes Inc
AVID,AVID - Avid Tech Inc
AVIR,AVIR - Aviragen Therapeutic
AVNW,AVNW - Aviat Networks Inc
AVXL,AVXL - Anavex Lf SC Cmn
AVXS,AVXS - Avexis Inc Cmn Stk
AWRE,AWRE - Aware Inc
AXAR,AXAR - Axar Acquisition Corp
AXARW,AXARW - Axar Acquisition Corp
AXAS,AXAS - Abraxas Petro Corp
AXDX,AXDX - Accelerate Diagnosti
AXGN,AXGN - Axogen Inc Cmn
AXSM,AXSM - Axsome Thera Cmn Stk
AXTI,AXTI - Axt Inc
AYA,AYA - Amaya Inc Cmn Stk
AZPN,AZPN - Aspen Technology Cmn
AZRX,AZRX - Azurrx Biopharma Inc
BABY,BABY - Natus Medical Inc
BANF,BANF - Bancfirst Corp
BANFP,BANFP - Bfc Capital Trust II
BANR,BANR - Banner Corporation
BANX,BANX - Stonecastle Fncl Cp
BASI,BASI - Bioanalytical Syst
BATRA,BATRA - Liberty Braves CS A
BATRK,BATRK - Liberty Braves CS C
BBBY,BBBY - Bed Bath & Beyond
BBC,BBC - Bioshrs Biotec Cl TR
BBGI,BBGI - Beasley Brdcst Gr
BBH,BBH - Vaneck Vectors Biote
BBOX,BBOX - Black Box Cp
BBP,BBP - Bioshrs Biotech Prod
BBRG,BBRG - Bravo Brio Restauran
BBRY,BBRY - Blackberry Limited
BBSI,BBSI - Barrett Business S
BCBP,BCBP - Bcb Bancorp Inc
BCLI,BCLI - Brainstorm Cell Cmn
BCOM,BCOM - B Communications Ltd
BCOR,BCOR - Blucora Inc Cmn
BCOV,BCOV - Brightcove Inc
BCPC,BCPC - Balchem Cp
BCRX,BCRX - Biocryst Pharma Inc
BCTF,BCTF - Bancorp 34 Inc
BDE,BDE - Black Diamond Inc
BDGE,BDGE - Bridge Bancorp Inc
BDSI,BDSI - Biodelivery Sci Intl
BEAT,BEAT - Biotelemetry Inc
BEAV,BEAV - BE Aerospace Inc
BEBE,BEBE - Bebe Stores Inc
BECN,BECN - Beacon Roofing Suppl
BELFA,BELFA - Bel Fuse Cl A
BELFB,BELFB - Bel Fuse Inc Cl B
BFIN,BFIN - Bankfinancial Corpor
BFIT,BFIT - Glbl X Hlth Well ETF
BGCP,BGCP - Bgc Partners Cl A
BGFV,BGFV - Big 5 Sporting
BGNE,BGNE - Beigene Ltd. Ads
BHAC,BHAC - Barington/Hilco Acq
BHACR,BHACR - Barington/Hilco Rgts
BHACU,BHACU - Barington/Hilco Uts
BHACW,BHACW - Barington/Hilco Wts
BHBK,BHBK - Blue Hills Bancorp
BIB,BIB - Proshares Ultra Nasdaq Biotech
BICK,BICK - First Trust BICK Ind
BIDU,BIDU - Baidu Inc
BIIB,BIIB - Biogen Inc Cmn
BIOC,BIOC - Biocept Inc
BIOL,BIOL - Biolase Inc Cmn
BIOP,BIOP - Bioptix Inc
BIOS,BIOS - Bioscrip Inc
BIS,BIS - Proshrs Ulsht Nq Bio
BIVV,BIVV - Bioverativ Inc
BJRI,BJRI - Bj's Restaurants Inc
BKCC,BKCC - Blackrock Cptl Invt
BKEP,BKEP - Blueknight Energy LP
BKEPP,BKEPP - Blueknight Srs A Uts
BKMU,BKMU - Bank Mutual Corp
BKSC,BKSC - Bank of So Car Cp
BL,BL - Blackline Inc
BLBD,BLBD - Blue Bird Corp
BLCM,BLCM - Bellicum Pharma Comm
BLDP,BLDP - Ballard Power Sys
BLDR,BLDR - Builders Firstsource
BLFS,BLFS - Biolife Solutions Cmn
BLIN,BLIN - Bridgeline Digital
BLKB,BLKB - Blackbaud Inc
BLMN,BLMN - Bloomin' Brands Inc
BLMT,BLMT - Bsb Bancorp Inc
BLPH,BLPH - Bellerophon Ther Com
BLRX,BLRX - Biolinerx Ltd
BLUE,BLUE - Bluebird Bio Cmn
BLVD,BLVD - Boulevard AC Cm ST A
BLVDU,BLVDU - Boulevard Acqu Unit
BLVDW,BLVDW - Boulevard Acquisi Wt
BMCH,BMCH - Bmc Stock Holdings
BMLA,BMLA - Recon Bullmark Latam
BMLP,BMLP - Bank of Montreal BMO Elkhorn DWA MLP Select Inde
BMRA,BMRA - Biomerica Inc
BMRC,BMRC - Bank of Marin Bancrp
BMRN,BMRN - Biomarin Pharmaceut
BMTC,BMTC - Bryn Mawr Bank Corp
BNCL,BNCL - Beneficial Bancorp
BNCN,BNCN - BNC Bancorp Inc
BNDX,BNDX - Vanguard Tl Intl Bnd
BNFT,BNFT - Benefitfocus Cmn
BNSO,BNSO - Bonso Elec Intl In
BNTC,BNTC - Benitec Biopharm Ads
BNTCW,BNTCW - Benitec Biopharm Wrt
BOBE,BOBE - Bob Evans Farms
BOCH,BOCH - Bank of Commerce Hld
BOFI,BOFI - Bofi Holding Inc
BOFIL,BOFIL - Bofi Hld Sub Not
BOJA,BOJA - Bojangles Inc CS
BOKF,BOKF - Bok Financial Corp
BOKFL,BOKFL - Bok Financial Corporation
BOLD,BOLD - Audentes Therapeutics Inc Cmn
BONT,BONT - Bon Ton Stores The
BOOM,BOOM - Dynamic Materials
BOSC,BOSC - Bos Better Online
BOTJ,BOTJ - Bank of The Jame Fnl
BOTZ,BOTZ - Global X Robotics & Artificial Intel Thmtc ETF
BPFH,BPFH - Boston Pvt Finl Hldg
BPFHP,BPFHP - Boston Private Dep S
BPFHW,BPFHW - Boston Private Wts
BPMC,BPMC - Blueprint Medi Cm ST
BPOP,BPOP - Popular Inc
BPOPM,BPOPM - Popular Inc Trust II
BPOPN,BPOPN - Popular Inc Trust I
BPTH,BPTH - Bio-Path Holdings
BRCD,BRCD - Brocade Comm Sys
BREW,BREW - Craft Brew Alliance
BRID,BRID - Bridgford Foods Cp
BRKL,BRKL - Brookline Bancorp
BRKR,BRKR - Bruker Corporation
BRKS,BRKS - Brooks Automation
BSET,BSET - Bassett Furniture
BSF,BSF - Bear State Fin Inc
BSFT,BSFT - Broadsoft Inc
BSPM,BSPM - Biostar Pharmaceutic
BSQR,BSQR - Bsquare Corp
BSRR,BSRR - Sierra Bancorp
BSTC,BSTC - Biospecifics Tech Cp
BSTG,BSTG - Biostage Cmn Stk
BTEC,BTEC - Principal Healthcare Innovators Index
BUFF,BUFF - Blue Buffalo Pet Cmn
BUR,BUR - Burcon Nutrascience
BUSE,BUSE - First Busey Corp
BV,BV - Bazaarvoice Inc
BVSN,BVSN - Broadvision Inc
BVXV,BVXV - Biondvax Pharma Ads
BVXVW,BVXVW - Biondvax Pharma Wt
BWEN,BWEN - Broadwind Energy Inc
BWFG,BWFG - Bankwell Financial
BWINA,BWINA - Baldwin Lyons Cl A
BWINB,BWINB - Baldwin Lyons Cl B
BWLD,BWLD - Buffalo Wild Wings
BYBK,BYBK - Bay Bancorp Inc
BYFC,BYFC - Broadway Fin Cp
BYSI,BYSI - Beyondspring Inc. Ordinary Shares
BZUN,BZUN - Baozun Inc Ads
CA,CA - CA Inc
CAAS,CAAS - China Automotive Sys
CAC,CAC - Camden Natl Cp
CACB,CACB - Cascade Bancorp
CACC,CACC - Credit Acceptance
CACQ,CACQ - Caesars Acquisition
CADC,CADC - China Advanced Const
CAFD,CAFD - 8Point3 Energy Cl A
CAFN,CAFN - Cachet Financial Solutions Inc
CAKE,CAKE - Cheesecake Fact
CALA,CALA - Calithera Biosci Com
CALD,CALD - Callidus Software
CALI,CALI - China Auto Logistics
CALL,CALL - Magicjack Vocaltec L
CALM,CALM - Cal-Maine Foods In
CAMP,CAMP - Calamp Corp
CAMT,CAMT - Camtek Ltd
CAPN,CAPN - Capnia Inc Cmn Stk
CAPNW,CAPNW - Capnia Inc A Wrnt
CAPR,CAPR - Capricor Therap Cmn
CAR,CAR - Avis Budget Group I
CARA,CARA - Cara Therapeutics
CARB,CARB - Carbonite Inc
CARO,CARO - Carolina Finacl Cmn
CART,CART - Carolina Trust Bank
CARV,CARV - Carver Bancorp
CARZ,CARZ - First Trust Nq Gbl Auto
CASC,CASC - Cascadian Therapeutics Inc
CASH,CASH - Meta Financial Grp
CASI,CASI - Casi Phrmactcls Inc
CASM,CASM - Cas Medical Sys Inc
CASS,CASS - Cass Information Sys
CASY,CASY - Casey's General Stor
CATB,CATB- Catabasis Pharma Cmn
CATH,CATH - Glbl X SP 500 Cth V
CATM,CATM - Cardtronics Inc
CATY,CATY - Cathay Genl Bncp
CATYW,CATYW - Cathay General Banc
CAVM,CAVM - Cavium Inc
CBAK,CBAK - China Bak Battery
CBAN,CBAN - Colony Bankcorp Inc
CBAY,CBAY - Cymabay Therapeutics
CBF,CBF - Capital Bnk Fin Cl A
CBFV,CBFV - Cb Financial Svc Cmn
CBIO,CBIO - Catalyst Bio Cmn
CBLI,CBLI - Cleveland Biolabs
CBMG,CBMG - Cellular Biomedicine
CBMX,CBMX - Combimatrix Corp
CBMXW,CBMXW - Combimatrix Corp Wt
CBOE,CBOE - CBOE Holdings Inc
CBPO,CBPO - China Biologic Produ
CBRL,CBRL - Cracker Barrel
CBSH,CBSH - Commerce Bancshares
CBSHP,CBSHP - Commerce BNC B Dep
CCBG,CCBG - Capital City Bank Gr
CCCL,CCCL - China Ceramics Co
CCCR,CCCR - China Commercial Cre
CCD,CCD - Calams Dy Cnv In Cmn
CCIH,CCIH - Chinacache Hldgs ADR
CCLP,CCLP - Csi Compressco Cmn
CCMP,CCMP - Cabot Microelectron
CCN,CCN - Cardconnect Corp
CCNE,CCNE - Cnb Financial Corp
CCOI,CCOI - Cogent Comm Hldgs
CCRC,CCRC - China Customer Ord
CCRN,CCRN - Cross Ctry Hlthcr
CCUR,CCUR - Concurrent Computer
CCXI,CCXI - Chemocentryx Inc
CDC,CDC - Victory Cemp US Eq I
CDEV,CDEV - Centennial Resource Development Inc
CDEVW,CDEVW - Centennial Resource Development Inc
CDK,CDK - Cdk Global Inc
CDL,CDL - Victory Cemp US Larg
CDNA,CDNA - Caredx Inc Cmn
CDNS,CDNS - Cadence Design Sys
CDOR,CDOR - Condor Hospitality T
CDTI,CDTI - Clean Diesel Technol
CDTX,CDTX - Cidara Thera Cmn
CDW,CDW - CDW Corporation
CDXC,CDXC - Chromadex Corp CS
CDXS,CDXS - Codexis Inc
CDZI,CDZI - Cadiz Inc
CECE,CECE - C E C O Envir
CECO,CECO - Career Education
CELG,CELG - Celgene Corp
CELGZ,CELGZ - Celgene Cp Cvr
CEMI,CEMI - Chembio Diagnostics
CEMP,CEMP - Cempra Inc
CENT,CENT - Central Garden
CENTA,CENTA - Central Garden & Pet
CENX,CENX - Century Aluminum C
CERC,CERC - Cerecor Inc Cmn Stk
CERCW,CERCW - Cerecor Inc Cl A Wt
CERCZ,CERCZ - Cerecor Inc Cl B Wt
CERN,CERN - Cerner Corp
CERS,CERS - Cerus Corp
CERU,CERU - Cerulean Pharma Cmn
CETC,CETC - Hongli Clean Energy Technologies Corp
CETV,CETV - Central EUR Med A
CETX,CETX - Cemtrex Inc Cmn Stk
CETXP,CETXP - Cemtrex Inc. Series 1 Pfd.
CETXW,CETXW - Cemtrex Inc. Series 1 Warrant
CEVA,CEVA - Ceva Inc
CEZ,CEZ - Vctry Cemp EM Vlt Wt
CFA,CFA - Victory Cemp US 500
CFBK,CFBK - Central Fed Cp
CFCB,CFCB - Centrue Financial Cmn
CFCO,CFCO - Cf Corp
CFCOU,CFCOU - Cf Corporation Units
CFCOW,CFCOW - Cf Corporation
CFFI,CFFI - C&F Financial Corp
CFFN,CFFN - Capitol Fed Finl Inc
CFMS,CFMS - Conformis Inc CS
CFNB,CFNB - Calif First National
CFNL,CFNL - Cardinal Fin Cp
CFO,CFO - Victory Cemp Us500E
CFRX,CFRX - Contrafect Cmn
CG,CG - The Carlyle Group
CGEN,CGEN - Compugen Ltd
CGIX,CGIX - Cancer Genetics Inc
CGNT,CGNT - Cogentix Medical In
CGNX,CGNX - Cognex Cp
CGO,CGO - Calamos Glb Ttl Rtn
CHCI,CHCI - Comstock Hldgs Cos
CHCO,CHCO - City Holding Co
CHDN,CHDN - Churchill Downs In
CHEF,CHEF- The Chefs Warehouse
CHEK,CHEK - Check-Cap Ltd. Ord
CHEKW,CHEKW - Check-Cap Ltd A Wt
CHFC,CHFC - Chemical Financial
CHFN,CHFN - Charter Finl Corp
CHI,CHI - Calamos Cv Opp & Inc
CHKE,CHKE - Cherokee Inc
CHKP,CHKP - Check Point Software
CHMA,CHMA - Chiasma Inc Cmn
CHMG,CHMG - Chemung Financial Cp
CHNR,CHNR - China Natural Res
CHRS,CHRS - Coherus Bio Cmn Stk
CHRW,CHRW - C.H. Robinson Ww
CHSCL,CHSCL - CHS B Cum Pfd Srs 4
CHSCM,CHSCM - CHS Pfd Clb Ser3
CHSCN,CHSCN - CHS Inc Pfd B Srs 2
CHSCO,CHSCO - CHS Inc Cl B Pfd
CHSCP,CHSCP - CHS Inc Cum Pfd
CHTR,CHTR - Charter Communicatio
CHUBA,CHUBA - Commercehub Inc
CHUBK,CHUBK - Commercehub Inc
CHUY,CHUY - Chuy's Holdings Inc
CHW,CHW - Calamos Gbl Dyn Inc
CHY,CHY - Calamos Cv & High In
CIBR,CIBR - First TR Ndq Cybr ETF
CID,CID - Victory Cemp Interna
CIDM,CIDM - Cinedigm Corp
CIGI,CIGI - Colliers Intl Grp In
CIL,CIL - Victory Cemp Intl Vo
CINF,CINF - Cincinnati Financial
CIVB,CIVB - Civista Bncshrs Cmn
CIVBP,CIVBP - Civista Bancshrs Dep
CIZ,CIZ - Victory Cemp Dev Enh
CIZN,CIZN - Citizens Hldg Co
CJJD,CJJD - China Jojo Drugstore
CLAC,CLAC - Capitol Acq Corp III
CLACU,CLACU - Capitol Acq III Ut
CLACW,CLACW - Capitol Acq Cp 3 Wts
CLBS,CLBS - Caladrius Bio Cmn
CLCT,CLCT - Collectors Universe
CLDC,CLDC - China Lending Corp
CLDX,CLDX - Celldex Therapeutics
CLFD,CLFD - Clearfield Inc
CLIR,CLIR - Clearsign Combustion
CLIRW,CLIRW - Clearsign Combustion Corporation Warrant
CLLS,CLLS - Cellectis S.A. Ads
CLMT,CLMT - Calumet Specialty Pr
CLNE,CLNE - Clean Energy Fuels
CLNT,CLNT - Cleantech Solutions
CLRB,CLRB - Cellectar Biosc Cmn
CLRBW,CLRBW - Cellectar Biosc Wt
CLRBZ,CLRBZ - Cellectar Bio Sra Wt
CLRO,CLRO - Clearone Inc
CLSD,CLSD - Clearside Biomedi Cmn
CLSN,CLSN - Celsion Corp
CLUB,CLUB - Town Sports Internat
CLVS,CLVS - Clovis Oncology Inc
CLWT,CLWT - Euro Tech Hldg
CMCO,CMCO - Columbus Mckinnon
CMCSA,CMCSA - Comcast Corp A
CMCT,CMCT - Cim Commercial TR Cp
CME,CME - CME Group Inc
CMFN,CMFN - Cm Finance Cmn
CMLS,CMLS - Cumulus Media Inc
CMPR,CMPR - Cimpress N.V. Ord
CMRX,CMRX - Chimerix Inc
CMTL,CMTL - Comtech Telecom Co
CNAT,CNAT - Conatus Pharmaceutic
CNBKA,CNBKA - Century Bancorp Inc
CNCE,CNCE - Concert Pharmaceutic
CNCR,CNCR - Loncar Cancer Immuno
CNET,CNET - Chinanet Online Hldg
CNFR,CNFR - Conifer Holdings Cmn
CNIT,CNIT - China Info Tech
CNMD,CNMD - C O N M E D Cp
CNOB,CNOB - Connectone Bancorp
CNSL,CNSL - Consolidated Communi
CNTF,CNTF - China Techfaith Wire
CNTY,CNTY - Century Casinos In
CNXN,CNXN - PC Connection Inc
CNXR,CNXR - Connecture Inc Cmn
COBZ,COBZ - Cobiz Financial Inc
COGT,COGT - Cogint Inc
COHR,COHR - Coherent Inc
COHU,COHU - Cohu Inc
COKE,COKE - Coca Cola Bot Cons
COLB,COLB - Columbia Banking Sys
COLL,COLL - Collegium Pharma Cmn
COLM,COLM - Columbia Sprtswr
COMM,COMM - Commscope Holding Co
COMT,COMT - Ishrs Cmdty Sel Stra
CONE,CONE - Cyrusone Inc Cmn
CONN,CONN - Conn's Inc
COOL,COOL - Majesco Entertainmnt
CORE,CORE - Core Mark Holding
CORI,CORI - Corium Intl Cmn
CORT,CORT - Corcept Therapeutics
COST,COST - Costco Wholesale
COUP,COUP - Coupa Software Inc
COVS,COVS - Covisint Corp Cmn
COWN,COWN - Cowen Group Inc
COWNL,COWNL - Cowen Grp 8.25 Sr Nt
COYN,COYN - Copsync Inc Cmn
COYNW,COYNW - Copsync Inc Warrnt
CPAA,CPAA - Conyers Park Acquisition Corp
CPAAU,CPAAU - Conyers Park Acquisition Corp
CPAAW,CPAAW - Conyers Park Acquisition Corp. Wt
CPAH,CPAH - Counterpath Corp
CPHC,CPHC - Canterbury Park Hl
CPIX,CPIX - Cumberland Pharmaceu
CPLA,CPLA - Capella Education Co
CPLP,CPLP - Capital Product Part
CPRT,CPRT - Copart Inc
CPRX,CPRX - Catalyst Pharm Inc
CPSH,CPSH - Cps Technologies Cmn
CPSI,CPSI - Computer Programs
CPSS,CPSS - Consumer Portfol
CPST,CPST - Capstone Turbine Cp
CPTA,CPTA - Capitala Finance Crp
CRAI,CRAI - Cra International
CRAY,CRAY - Cray Inc
CRBP,CRBP - Corbus Pharma Cmn
CRDS,CRDS - Crossroads Systems
CRDT,CRDT - Wisdmtree Strg Cp Bo
CREE,CREE - Cree Inc
CREG,CREG - China Recycling Ener
CRESY,CRESY - Cresud Sacif ADR
CRIS,CRIS - Curis Inc
CRME,CRME - Cardiome Pharma Corp
CRMT,CRMT - America's Car-Mart
CRNT,CRNT - Ceragon Networks Ltd
CROX,CROX - Crocs Inc
CRSP,CRSP - Crispr Therapeutics Ag
CRTN,CRTN - Cartesian Inc Cmn
CRTO,CRTO - Criteo S.A. Ads
CRUS,CRUS - Cirrus Logic Inc
CRVL,CRVL - Corvel Cp
CRVS,CRVS - Corvus Pharma Com
CRWS,CRWS - Crown Crafts Inc
CRZO,CRZO - Carrizo Oil & Gas
CSA,CSA - Victory Cemp US Smal
CSB,CSB - Victory Cemp US SC H
CSBK,CSBK - Clifton Bancorp Inc
CSBR,CSBR - Champions Oncolog Cmn
CSCO,CSCO - Cisco Systems Inc
CSF,CSF - Victory Cemp US Disc
CSFL,CSFL - Centerstate Bks Inc
CSGP,CSGP - Costar Group Inc
CSGS,CSGS - C S G Sys Intl
CSII,CSII - Cardiovascular Syst
CSIQ,CSIQ - Canadian Solar Inc
CSOD,CSOD - Cornerstone Ondemand
CSPI,CSPI - C S P Inc
CSQ,CSQ - Calamos Strgc Ttl Rt
CSTE,CSTE - Caesarstone Sdot-Yam
CSTR,CSTR - Capstar Financial Holdings Inc
CSWC,CSWC - Capital Southwest
CSWI,CSWI - Csw Industrials Inc
CSX,CSX - CSX Corporation
CTAS,CTAS - Cintas Corp
CTBI,CTBI - Community TR Bancp
CTG,CTG - Computer Task Gp Inc
CTHR,CTHR - Charles & Colvard
CTIB,CTIB - Cti Inds Corp
CTIC,CTIC - Cti Biopharm Corp
CTMX,CTMX - Cytomx Thera Cmn Stk
CTRE,CTRE - Caretrust REIT Inc
CTRL,CTRL - Control4 Corporation
CTRN,CTRN - Citi Trends Inc
CTRP,CTRP - Ctrip.Com Intl Ltd
CTRV,CTRV - Contravir Pharmaceut
CTSH,CTSH - Cognizant Tech Sol
CTSO,CTSO - Cytosorbents Cor
CTWS,CTWS - Conn Water Svcs In
CTXS,CTXS - Citrix Systems Inc
CUBA,CUBA - Herzfeld Caribbean
CUBN,CUBN - Commerce Un Bcsh Cmn
CUI,CUI - Cui Global Inc
CUNB,CUNB - Cu Bancorp Cmn Stk
CUR,CUR - Neuralstem Inc
CUTR,CUTR - Cutera Inc
CVBF,CVBF - Cvb Financial Corp
CVCO,CVCO - Cavco Inds Inc
CVCY,CVCY - Central Vly Cmty Bcp
CVGI,CVGI - Commercial Vehicle G
CVGW,CVGW - Calavo Growers Inc
CVLT,CVLT - Commvault Systems
CVLY,CVLY - Codorus Valley Bncp
CVTI,CVTI - Covenant Transportn
CVV,CVV - CVD Equipment Corp
CWAY,CWAY - Coastway Bancorp Inc
CWBC,CWBC - Community West Bncsh
CWCO,CWCO - Cons Water Co Inc
CWST,CWST - Casella Waste Sys
CXDC,CXDC - China Xd Plastics Co
CXRX,CXRX - Concordia International
CXSE,CXSE - Wisdomtree China Ex-
CY,CY - Cypress Semiconductr
CYAD,CYAD - Celyad Sa Ads
CYAN,CYAN - Cyanotech Corp
CYBE,CYBE - Cyberoptics Cp
CYBR,CYBR - Cyberark Soft Ord
CYCC,CYCC - Cyclacel Pharmaceuti
CYCCP,CYCCP - Cyclacel Pharmaceuti
CYHHZ,CYHHZ - Community Health Sys
CYNO,CYNO - Cynosure Inc
CYOU,CYOU - Changyou.Com Limited
CYRN,CYRN - Cyren Ltd
CYRX,CYRX - Cryoport Inc
CYRXW,CYRXW - Cryoport Inc Wts
CYTK,CYTK - Cytokinetics
CYTR,CYTR - Cytrx Cp
CYTX,CYTX - Cytori Therapeutics
CYTXW,CYTXW - Cytori Therapeutics Inc
CZFC,CZFC - Citizens First Corp
CZNC,CZNC - Citizens Nrthn Cp
CZR,CZR - Caesars Entertnmt
CZWI,CZWI - Citizens Community
DAIO,DAIO - Data I O Cp
DAKT,DAKT - Daktronics Inc
DAVE,DAVE - Famous Daves of Am
DAX,DAX - Recon Cp DAX ETF
DBVT,DBVT - Dbv Technologies Ads
DCIX,DCIX - Diana Containrshp
DCOM,DCOM - Dime Community Bncsh
DCTH,DCTH - Delcath Systems Inc
DDBI,DDBI - Legg Mason Dev Exus
DELT,DELT - Delta Tech HD Ltd Or
DELTW,DELTW - Delta Tech Hld Wt
DENN,DENN - Dennys Corp
DEPO,DEPO - Depomed Inc
DERM,DERM - Dermira Inc Cm ST
DEST,DEST - Destination Maternty
DFBG,DFBG - Differntl Brands Cmn
DFFN,DFFN - Diffusion Pharmaceuticals Inc
DFNL,DFNL - Davis Fundamental ETF Trust Davis Select Financi
DFRG,DFRG - Del Frisco's Restrnt
DFVL,DFVL - Ipath 5 Year Bull
DFVS,DFVS - Ipath 5 Year Bear Et
DGAS,DGAS - Delta Natural Gas
DGICA,DGICA - Donegal Group Cl A
DGICB,DGICB - Donegal Group Cl B
DGII,DGII - Digi Intl Inc
DGLD,DGLD - VS 3X Inv Gold
DGLT,DGLT - Digiliti Money Group Inc.
DGLY,DGLY - Digital Ally Inc
DGRE,DGRE - Wisdomtree Emg Mkts
DGRS,DGRS - Wisdomtree US SC Qly
DGRW,DGRW - Wisdomtree US Qlty D
DHIL,DHIL - Diamond Hill Inv
DHXM,DHXM - Dhx Media Varbl Vtg
DIOD,DIOD - Diodes Inc
DISCA,DISCA - Discovery Comm A
DISCB,DISCB - Discovery Comm B
DISCK,DISCK - Discovery Comm Inc
DISH,DISH - Dish Network Corp
DJCO,DJCO - Daily Journal Cp
DLBL,DLBL - Barclays Bank Plc
DLBS,DLBS - Ipath Long Bond Bear
DLHC,DLHC - Dlh Holdings Corp
DLTH,DLTH - Duluth Hldg Cl B Cmn
DLTR,DLTR - Dollar Tree Inc
DMLP,DMLP - Dorchester Minls
DMPI,DMPI - Delmar Pharmaceuticals Inc
DMRC,DMRC - Digimarc Corporation
DMTX,DMTX - Dimension Thera Cmn
DNBF,DNBF - Dnb Finl Corp
DNKN,DNKN - Dunkin' Brands Group
DORM,DORM - Dorman Products Inc
DOX,DOX - Amdocs Ltd Ord
DPRX,DPRX - Dipexium Pharmaceuti
DRAD,DRAD - Digirad Corporation
DRAM,DRAM - Dataram Corp
DRIO,DRIO - Labstyle Innovat Cmn
DRIOW,DRIOW - Labstyle Innovati Wt
DRNA,DRNA - Dicerna Pharmaceutic
DRRX,DRRX - Durect Corporation
DRWI,DRWI - Dragonwave Cmn
DRYS,DRYS - Dryships Inc
DSGX,DSGX - Descartes Sys Grp
DSKE,DSKE - Daseke Inc
DSKEW,DSKEW - Daseke Inc
DSLV,DSLV - VS 3X Inv Silver
DSPG,DSPG - D S P Group Inc
DSWL,DSWL - Deswell Inds Inc
DTEA,DTEA - Davidstea Inc Cm Stk
DTRM,DTRM - Determine Inc
DTUL,DTUL - Ipath 2 Year Bull
DTUS,DTUS - Ipath 2 Year Bear
DTYL,DTYL - Ipath 10 Year Bull
DTYS,DTYS - Ipath 10 Year Bear
DUSA,DUSA - Davis Fundamental ETF Trust Davis Select U.S. Eq
DVAX,DVAX - Dynavax Technologies
DVCR,DVCR - Diversicare Healthca
DWAC,DWAC - Elkhorn Commodity Rotation Strategy ETF
DWAQ,DWAQ - Dynamic OTC Powershares
DWAS,DWAS - Powershares DWA Smallcap Momentum Portfolio
DWAT,DWAT - Arrow DWA Tactic ETF
DWCH,DWCH - Datawatch Cp
DWFI,DWFI - SPDR DWA Fi Allo ETF
DWIN,DWIN - PS DWA Tactical Multi-Asset Income
DWLD,DWLD - Davis Fundamental ETF Trust Davis Select Worldwi
DWLV,DWLV - Powershares DWA Momentum & Low Volatility Rotati
DWSN,DWSN - Dawson Geophscl Cmn
DWTR,DWTR - PS DWA Tactical Sector Rotation
DXCM,DXCM - Dexcom
DXGE,DXGE - Wisdomtree Gr Hdg Eq
DXJS,DXJS - Wisdomtree JP Hdg Fd
DXKW,DXKW - Wisdomtree Kor Hdg E
DXLG,DXLG - Destination XL Grp
DXPE,DXPE - Dxp Enterprise
DXPS,DXPS - Wisdomtree UK Hdg Fd
DXTR,DXTR - Dextera Surgical Inc
DXYN,DXYN - The Dixie Group
DYNT,DYNT - Dynatronics Cp
DYSL,DYSL - Dynasil Cp America
DZSI,DZSI - Dasan Zhone Solutions Inc
EA,EA - Electronic Arts Inc
EACQ,EACQ - Easterly Acq Cmn Stk
EACQU,EACQU - Easterly Acq Units
EACQW,EACQW - Easterly Acq Warrant
EAGL,EAGL - Double Eagle A Ords
EAGLU,EAGLU - Double Eagle Units
EAGLW,EAGLW - Double Eagle Warrant
EARS,EARS - Auris Medical Cmn
EBAY,EBAY - Ebay Inc
EBAYL,EBAYL - Ebay Inc 6.0% NTS
EBIO,EBIO - Eleven Bio Inc
EBIX,EBIX - Ebix Inc
EBMT,EBMT - Eagle Bancorp [Mt]
EBSB,EBSB - Meridian Bncp Cmn
EBTC,EBTC - Enterprise Bancorp I
ECHO,ECHO - Echo Global Logistic
ECOL,ECOL - US Ecology Inc
ECPG,ECPG - Encore Capital Grp
ECYT,ECYT - Endocyte Inc
EDAP,EDAP - Edap Tms Sa ADR
EDBI,EDBI - Legg Mason EM Div Cr
EDGE,EDGE - Edge Therapeut Cm S
EDGW,EDGW - Edgewater Tech Inc
EDIT,EDIT - Editas Medicine Cmn
EDUC,EDUC - Educational Dev Cp
EEFT,EEFT - Euronet Worldwide
EEI,EEI - Ecology Environment
EEMA,EEMA - Ishares MSCI EM Asia
EFAS,EFAS - Global X MSCI Superdividend EAFE ETF
EFII,EFII - Elec Imaging Inc
EFOI,EFOI - Energy Focus Cmn
EFSC,EFSC - Enterprises Finl Svc
EGAN,EGAN - Egain Corporation
EGBN,EGBN - Eagle Bancorp Inc
EGHT,EGHT - 8X8 Inc
EGLE,EGLE - Eagle Bulk Ship New
EGLT,EGLT - Egalet Corporation
EGOV,EGOV - Nic Inc
EGRX,EGRX - Eagle Pharmaceutical
EGT,EGT - Entertainment Gmg Cmn
EHTH,EHTH - Ehealth Inc
EIGI,EIGI - Endurance Int Grp
EIGR,EIGR - Eiger Biopharma
EKSO,EKSO - Ekso Bionics Holdings Inc
ELEC,ELEC - Electrum Special Or
ELECU,ELECU - Electrum Special Uts
ELECW,ELECW - Electrum Special Wt
ELGX,ELGX - Endologix Inc
ELON,ELON - Echelon Corporation
ELOS,ELOS - Syneron Medical Ltd
ELSE,ELSE - Electro Sensors In
ELTK,ELTK - E L T E K Ltd
EMCB,EMCB - Wisdomtree Emcb Fund
EMCF,EMCF - Emclaire Finl Cor
EMCG,EMCG - Wisdomtree EM Cnr Gr
EMCI,EMCI - E M C Insurance Gp
EMIF,EMIF - Ishares SP Emg Mk In
EMITF,EMITF - Elbit Imaging Ord
EMKR,EMKR - Emcore Corp
EML,EML - Eastern Co Cmn Stk
EMMS,EMMS - Emmis Commun Cl A
ENDP,ENDP - Endo Int'l Plc
ENFC,ENFC - Entegra Financ Cm ST
ENG,ENG - Englobal Corp
ENOC,ENOC - Enernoc Inc
ENPH,ENPH - Enphase Energy Inc
ENSG,ENSG - The Ensign Group In
ENT,ENT - Global Eagle Entrtn
ENTA,ENTA - Enanta Pharmaceutica
ENTG,ENTG - Entegris Inc
ENTL,ENTL - Entellus Medical Cmn
ENZL,ENZL - Ishares MSCI New Zea
ENZY,ENZY - Enzymotec Ltd
EPAY,EPAY - Bottomline Tech In
EPIX,EPIX - Essa Pharma Cmn
EPZM,EPZM - Epizyme Inc Cmn Stk
EQBK,EQBK - Equity Bncsrs Cm A
EQFN,EQFN - Equitable Fincl Cmn
EQIX,EQIX - Equinix Inc
ERI,ERI - Eldorado Resorts Cmn
ERIC,ERIC - Ericsson ADR
ERIE,ERIE - Erie Indemnity Co
ERII,ERII - Energy Recovery Inc
ERS,ERS - Empire Res Inc
ESBK,ESBK - Elmira Sav Bk
ESCA,ESCA - Escalade Inc
ESEA,ESEA - Euroseas Ltd
ESES,ESES - Eco-Stim Energy Cmn
ESG,ESG - Flexshares Stoxx US ESG Impact Index
ESGD,ESGD - Ishares MSCI EAFE ESG Select Et
ESGE,ESGE - Ishares MSCI EM ESG Select ETF
ESGG,ESGG - Flexshares Stoxx Global ESG Impact Index
ESGR,ESGR - Enstar Group Limited
ESGU,ESGU - Ishares MSCI USA ESG Optimized ETF
ESIO,ESIO - Electro Sci Inds
ESLT,ESLT - Elbit Systems Ltd
ESND,ESND - Essendant Inc
ESPR,ESPR - Esperion Theraptc Cmn
ESRX,ESRX - Express Scripts
ESSA,ESSA - Essa Bancorp Inc
ESXB,ESXB - Community Bankers Cmn
ETFC,ETFC - E*Trade Finl Corp
ETRM,ETRM - Enteromedics Inc
ETSY,ETSY - Etsy Inc
EUFN,EUFN - Ishares MSCI EUR Fin
EVAR,EVAR - Lombard Medical Ord
EVBG,EVBG - Everbridge Inc
EVBS,EVBS - Eastern Va Bkshs
EVEP,EVEP - Ev Energy Partners
EVGBC,EVGBC - Eaton Vnce Gbl Inc
EVGN,EVGN - Evogene Ltd Ord
EVK,EVK - Ever Glory Intl Grp
EVLMC,EVLMC - Eaton Vnce Tabs 5-15
EVLV,EVLV - Evine Live Cl A
EVOK,EVOK - Evoke Pharma Cmn
EVOL,EVOL - Evolving Systems Inc
EVSTC,EVSTC - Eton Vnce Stck Nxtsh
EWBC,EWBC - East West Bancorp
EWZS,EWZS - Ishares MSCI Brazil
EXA,EXA - Exa Corporation
EXAC,EXAC - Exactech Inc
EXAS,EXAS - Exact Sciences Cor
EXEL,EXEL - Exelixis Inc
EXFO,EXFO - Exfo Inc
EXLS,EXLS - Exlservice Holdings
EXPD,EXPD - Expeditors Intl
EXPE,EXPE - Expedia Inc
EXPO,EXPO - Exponent Inc
EXTR,EXTR - Extreme Networks
EXXI,EXXI - Energy Xxi Gulf Coast Inc
EYEG,EYEG - Eyegate Pharma Cmn
EYEGW,EYEGW - Eyegate Pharm Wts
EYES,EYES - Second Sight Cmn
EYESW,EYESW - Second Sight Medical Products Inc. Warrants
EZPW,EZPW - Ezcorp Inc
FAAR,FAAR - FT Alt Ab Ret ST ETF
FAB,FAB - First TR ML CA Alpha
FAD,FAD - First TR ML Cp Gr Al
FALC,FALC - Falconstor Sftwr
FALN,FALN - Ishares Fallen Angels USD Bond
FANG,FANG - Diamondback Energy
FANH,FANH - Fanhua Inc
FARM,FARM - Farmer Brothers
FARO,FARO - Faro Tech Inc
FAST,FAST - Fastenal Co
FATE,FATE - Fate Therapeutics Cmn
FB,FB - Facebook Inc
FBIO,FBIO - Fortress Biotech Inc
FBIZ,FBIZ - First Business Finan
FBMS,FBMS - First Bancshs [Ms]
FBNC,FBNC - First Bancorp [Nc]
FBNK,FBNK - First Connecticut BA
FBRC,FBRC - Fbr & Co.
FBSS,FBSS - Fauquier Bankshares
FBZ,FBZ - FT Brazil Alphadex
FCA,FCA - FT China Alphadex
FCAN,FCAN - FT Canada Alphadex
FCAP,FCAP - First Capital Inc
FCBC,FCBC - First Community Bksh
FCCO,FCCO - First Community Corp
FCCY,FCCY - 1St Constitution Bcp
FCEF,FCEF - First Trust CEF Income Opportunity ETF
FCEL,FCEL - Fuelcell Energy Inc
FCFP,FCFP - First Comty Fncl Cmn
FCNCA,FCNCA - First Citizens Bancs
FCSC,FCSC - Fibrocell Science Cmn
FCVT,FCVT - First TR Strategic C
FDEF,FDEF - First Defiance Finl
FDIV,FDIV - First Trust ETF IV
FDT,FDT - FT Dev Mkts Exus A D
FDTS,FDTS - FT Dv Mkts Exus Smcp
FDUS,FDUS - Fidus Investment Cor
FEIM,FEIM - Frequency Elcts Inc
FELE,FELE - Franklin Electric Co
FEM,FEM - FT EM Mkts Alphadex
FEMB,FEMB - First TR Emrg Bd ETF
FEMS,FEMS - FT Dv Mkt Sm Cap A D
FENX,FENX - Fenix Parts Inc Cmn
FEP,FEP - FT Europe Alphadex
FEUZ,FEUZ - First TR Erzne Alphdx
FEX,FEX - First TR Lg Cp Alpha
FEYE,FEYE - Fireeye Inc
FFBC,FFBC - First Finl Bncp [Oh]
FFHL,FFHL - Fuwei Films [Holding
FFIC,FFIC - Flushing Finl Corp
FFIN,FFIN - First Finl Bkshs Inc
FFIV,FFIV - F5 Networks Inc
FFKT,FFKT - Farmers Capital BA
FFNW,FFNW - First Financial Nort
FFWM,FFWM - First Foundation Cmn
FGBI,FGBI - First Gurty Banc Cmn
FGEN,FGEN - Fibrogen Inc CS
FGM,FGM - FT Germany Alphadex
FH,FH - Form Holdings Cp
FHB,FHB - First Hawaiian Inc Cmn
FHCO,FHCO - Female Health Co
FHK,FHK - FT Hong Hong Alphadex
FIBK,FIBK - First Interstate Ban
FINL,FINL - Finish Line Cl A
FINQ,FINQ - Purefunds Solactive Fintech ETF
FINX,FINX - Global X Fintech Thematic ETF
FISI,FISI - Financial Institut
FISV,FISV - Fiserv Inc
FITB,FITB - Fifth Third Bncp
FITBI,FITBI - Fifth Third Bancorp
FITS,FITS - The Health and Fitness ETF
FIVE,FIVE - Five Below Inc
FIVN,FIVN - Five9 Inc Cmn
FIXD,FIXD - First Trust Exchange-Traded Fund ViII First Trus
FIZZ,FIZZ - Natl Beverage Cp
FJP,FJP - First TR Japan Alpdx
FKO,FKO - FT South Korea Alphadex
FKU,FKU - FT UK Alphadex
FLAG,FLAG - Weatherstorm Forensi
FLAT,FLAT - Ipath Flattener
FLDM,FLDM - Fluidigm Corporation
FLEX,FLEX - Flextronics Intl Ltd
FLGT,FLGT - Fulgent Genetics Inc
FLIC,FLIC - First of Long Isla
FLIR,FLIR - Flir Systems Inc
FLKS,FLKS - Flex Pharma Inc Cmn
FLL,FLL - Full House Rsts Cmn
FLN,FLN - FT Latin Am Alphadex
FLWS,FLWS - 1-800-Flowers.Com
FLXN,FLXN - Flexion Therapeutics
FLXS,FLXS - Flexsteel Inds
FMB,FMB - First Trust ETF III
FMBH,FMBH - First Mid Ill Bncshr
FMBI,FMBI - First Midwest Bncp
FMI,FMI - Foundation Medicine
FMK,FMK - First TR Mega Cp Alp
FMNB,FMNB - Farmers Natl Banc Cp
FNBC,FNBC - First Nbc Bank Holdi
FNCX,FNCX - Function[X] Inc
FNGN,FNGN - Financial Engines Cmn
FNHC,FNHC - Federated Natl Hldg
FNJN,FNJN - Finjan Holdings Cmn
FNK,FNK - First TR MD Cp Vl Al
FNLC,FNLC - First Bancorp Inc
FNSR,FNSR - Finisar Corp
FNTE,FNTE - Fintech Acquisition Corp. II
FNTEU,FNTEU - Fintech Acquisition Corp. II Unit
FNTEW,FNTEW - Fintech Acquisition Corp. II Warrant
FNWB,FNWB - First Nw Banc Cmn
FNX,FNX - First Trust Mid Cap
FNY,FNY - First TR Mid Cp Alph
FOANC,FOANC - Gabelli Nextshares Trust Gabelli Food
FOGO,FOGO - Fogo De Chao Cm ST
FOLD,FOLD - Amicus Therapeutics
FOMX,FOMX - Foamix Pharma Ord
FONE,FONE - First Trust Ndq Smtph
FONR,FONR - Fonar Corp
FORD,FORD - Forward Inds Inc
FORK,FORK - Fuling Global Ord Sh
FORM,FORM - Formfactor Inc
FORR,FORR - Forrester Resrch
FORTY,FORTY - Formula Sys [1985]
FOSL,FOSL - Fossil Group Cmn Stk
FOX,FOX - 21St Centry Fox Class B
FOXA,FOXA - 21St Centry Fox Class A
FOXF, - Fox Factory Cp Cmn
FPA,FPA - FT Asia Pac Ex Japan
FPAY,FPAY - Flexshopper Inc
FPRX,FPRX - Five Prime Thera Cmn
FPXI,FPXI - First TR Itl Ipo ETF
FRAN,FRAN - Francesca's Holdings
FRBA,FRBA - First Bank Cmn
FRBK,FRBK - Republic First Bcp
FRED,FRED - Fred's Inc
FRGI,FRGI - Fiesta Restaurant Gp
FRME,FRME - First Merchants Corp
FRP,FRP - Fairpoint Communicat
FRPH,FRPH - Frp Holdings Inc
FRPT,FRPT - Freshpet Inc CS
FRSH,FRSH - Papa Murphys Hld Com
FRTA,FRTA - Forterra Inc
FSAM,FSAM - Fifth Street Cmn
FSBC,FSBC - Fsb Community Bnksh
FSBK,FSBK - First South Bncp Inc
FSBW,FSBW - FS Bancorp Inc
FSC,FSC - Fifth Street Finance
FSCFL,FSCFL - Fth ST Fin 6.125 Sn
FSFG,FSFG - First Savings Financ
FSFR,FSFR - Fifth Strt Snr Flt
FSLR,FSLR - First Solar Inc
FSNN,FSNN - Fusion Telecom Intl
FSTR,FSTR - Foster L B Co
FSV,FSV - Firstsrvce Sub Vt Sh
FSZ,FSZ - FT Switzerland Alphadex
FTA,FTA - First TR Lr CA Alpha
FTAG,FTAG - First TR Indxx Gl Ag
FTC,FTC - First Trust Large CA
FTCS,FTCS - First Trust Capital
FTD,FTD - Ftd Companies
FTEK,FTEK - Fuel Tech Inc
FTEO,FTEO - Fronteo Inc
FTGC,FTGC - First Trust Glb Tc Cmn
FTHI,FTHI - First Trust Exchange
FTLB,FTLB - First Trust ETF Vi
FTNT,FTNT - Fortinet Inc
FTR,FTR - Frontier Commun Cp
FTRI,FTRI - First TR Indxx Glb N
FTRPR,FTRPR - Frontier A Mn Cnv Pd
FTSL,FTSL - First TR Snr Ln ETF
FTSM,FTSM - First Trust ETF IV
FTW,FTW - FT Hk Alphadex
FTXD,FTXD - First Trust Nasdaq Retail ETF
FTXG,FTXG - First Trust Nasdaq Food & Beverage ETF
FTXH,FTXH - First Trust Nasdaq Pharmaceuticals ETF
FTXL,FTXL - First Trust Nasdaq Semiconductor ETF
FTXN,FTXN - First Trust Nasdaq Oil & Gas ETF
FTXO,FTXO - First Trust Nasdaq Bank ETF
FTXR,FTXR - First Trust Nasdaq Transportation ETF
FUEL,FUEL - Rocket Fuel Inc
FULLL,FULLL - Full Circle Cp Sr Nt
FULT,FULT - Fulton Financial Cor
FUNC,FUNC - First United Corp
FUND,FUND - Sprott Focus Trust
FUSB,FUSB - First US Bancshares Inc
FV,FV - First Trust ETF Vi
FVC,FVC - FT DWA Dyn Foc 5 ETF
FVE,FVE - Five Star Quality Care
FWONA,FWONA - Liberty Media F1 Series A
FWONK,FWONK - Liberty Media F1 Series K
FWP,FWP - Forward Pharma Ads
FWRD,FWRD - Foward Air Corp
FYC,FYC - First Trust Small CA
FYT,FYT - First TR Sm Cp Alpha
FYX,FYX - First TR Sm Cr Alpha
GABC,GABC - German Amer Bncp Inc
GAIA,GAIA - Gaiam Inc
GAIN,GAIN - Gladstone Investment
GAINM,GAINM - Gladstone Investment Corp
GAINN,GAINN - Gladstone Inv 6.5 C
GAINO,GAINO - Gladstone Invt Corp
GALE,GALE - Galena Biopharma In
GALT,GALT - Galectin Therapeutic
GALTU,GALTU - Galectin Therapeutics Inc
GALTW,GALTW - Galectin Therap Wts
GARS,GARS - Garrison Capital Inc
GASS,GASS - Stealthgas Inc
GBCI,GBCI - Glacier Bancorp Inc
GBDC,GBDC - Golub Capital Bdc I
GBLI,GBLI - Global Indemnity Plc
GBLIZ,GBLIZ - Global Indmnty 7.75
GBNK,GBNK - Guaranty Bancorp
GBT,GBT - Global Blood Ther Cmn
GCBC,GCBC - Greene County Bncp
GCVRZ,GCVRZ - Sanofi Cvr
GDEN,GDEN - Golden Entmt Cmn
GDS,GDS - Gds Holdings Ltd
GEC,GEC - Great Elm Capital Group Inc
GECC,GECC - Great Elm Capital Corp
GEMP,GEMP - Gemphire Therapeutics Inc
GENC,GENC - Gencor Industries In
GENE,GENE - Genetic Tech Spn Ads
GENY,GENY - Principal Millennials Index ETF
GEOS,GEOS - Geospace Technologie
GERN,GERN - Geron Corporation
GEVO,GEVO - Gevo Inc Cmn Stk
GFED,GFED - Guaranty Fedl Bcshs
GFN,GFN - General Finance Corp
GFNCP,GFNCP - General Fn Cum Pfd C
GFNSL,GFNSL - Genrl Fin Sr Nt 2021
GGAL,GGAL - Grupo Fin Galicia
GHDX,GHDX - Genomic Health Inc
GIFI,GIFI - Gulf Island Fab
GIGA,GIGA - Giga Tronics Inc
GIGM,GIGM - Gigamedia Limited
GIII,GIII - G-III Apparel Gp I
GILD,GILD - Gilead Sciences Inc
GILT,GILT - Gilat Satellite Ntwk
GK,GK - G K Svcs Inc Cl A
GLAD,GLAD - Gladstone Cap Corp
GLADO,GLADO - Gladstone 6.75 Srs
GLBL,GLBL - Terraform Glbl Cla
GLBR,GLBR - Global Brokerage Inc
GLBS,GLBS - Globus Maritime Limi
GLBZ,GLBZ - Glen Burnie Bancorp
GLDD,GLDD - Great Lakes Drg Dock
GLDI,GLDI - CS X-Links Gld Share
GLMD,GLMD - Galmed Pharmaceutica
GLNG,GLNG - Golar Lng Ltd
GLPG,GLPG - Galapagos Nv
GLPI,GLPI - Gaming & Leisure
GLRE,GLRE - Greenlight Cap. Re.
GLUU,GLUU - Glu Mobile Inc
GLYC,GLYC - Glycomimetics Inc
GMAN,GMAN - Gordmans Stores Inc
GMLP,GMLP - Golar Lng Partners
GNBC,GNBC - Green Bancorp Cmn
GNCA,GNCA - Genocea Biosciences
GNCMA,GNCMA - Gen Communication
GNMA,GNMA - Ishares GNMA Bd ETF
GNMK,GNMK - Genmark Diagnostics
GNMX,GNMX - Aevi Genomic Medicine
GNRX,GNRX - Vaneck Vectors Gener
GNTX,GNTX - Gentex Corp
GNUS,GNUS - Genius Brands International Inc
GNVC,GNVC - Genvec Inc
GOGL,GOGL - Golden Ocean Gp Cmn
GOGO,GOGO - Gogo Inc Cmn Stk
GOLD,GOLD - Randgold Res Ltd
GOOD,GOOD - Gladstone Comml
GOODM,GOODM - Gladstone Commercial Corporatio
GOODO,GOODO - Gladstone Commercial
GOODP,GOODP - Gladstone Commercia
GOOG,GOOG - Alphabet Class C
GOOGL,GOOGL - Alphabet Class A
GOV,GOV - Government Properties Income Trust
GOVNI,GOVNI - Government Properties Income TR
GPAC,GPAC - Global Ptnr Acq Com
GPACU,GPACU - Global Partner Units
GPACW,GPACW - Global Ptnr Acq Wrt
GPIA,GPIA - Gp Invstmts Aq Ord
GPIAU,GPIAU - Gp Investments Unit
GPIAW,GPIAW - Gp Investments Aq Wt
GPIC,GPIC - Gaming Partners Intl
GPOR,GPOR - Gulfport Energy Corp
GPP,GPP - Green Plains Partners LP
GPRE,GPRE - Green Plains Inc Cmn
GPRO,GPRO - Gopro Inc Cl A Cmn
GRBK,GRBK - Green Brick Partners
GRFS,GRFS - Grifols S.A.
GRID,GRID - First Trust Nq Ce Smgrid
GRIF,GRIF - Griffin Industrial
GRMN,GRMN - Garmin Ltd
GROW,GROW - U S Global Inv Inc
GRPN,GRPN - Groupon Cl A Cmn
GRVY,GRVY - Gravity Co. Ltd
GSBC,GSBC - Great Southern Bncp
GSHT,GSHT - Gores Holdings II Inc. Class A Common Stock
GSHTU,GSHTU - Gores Holdings II Inc. Units
GSHTW,GSHTW - Gores Holdings II Inc. Warrants
GSIT,GSIT - Gsi Technology Inc
GSM,GSM - Ferroglobe Plc Os
GSOL,GSOL - Global Sources Ltd
GSUM,GSUM - Gridsum Holding Inc
GSVC,GSVC - Gsv Capital Cp Cmn
GT,GT - Goodyear Tire Rubber
GTIM,GTIM - Good Times Rest
GTLS,GTLS - Chart Industries In
GTWN,GTWN - Georgetown Bancp Cmn
GTXI,GTXI - GTX Inc
GTYH,GTYH - Gty Technology Holdings Inc
GTYHU,GTYHU - Gty Technology Holdings Inc
GTYHW,GTYHW - Gty Technology Holdings Inc. Warrants
GUID,GUID - Guidance Software
GULF,GULF - Wisdomtree
GURE,GURE - Gulf Resources Inc
GWGH,GWGH - Gwg Holdings Com Stk
GWPH,GWPH - Gw Pharma ADR
GWRS,GWRS - Global Water Reso Cmn
GYRO,GYRO - Gyrodyne Llc Cmn
HA,HA - Hawaiian Hldgs Inc
HABT,HABT - Habit Rest Cmn A
HAFC,HAFC - Hanmi Financial Cp
HAIN,HAIN - Hain Celestial Grp
HALL,HALL - Hallmark Fin Svc
HALO,HALO - Halozyme Therapeutic
HAS,HAS - Hasbro Inc
HAWK,HAWK - Blackhawk Network Ho
HAYN,HAYN - Haynes Intl Inc
HBAN,HBAN - Huntington Bcshs
HBANN,HBANN - Huntington Bancshares Incorporated Depositary Sh
HBANO,HBANO - Huntington Banc. Dep
HBANP,HBANP - Huntington BNC Pfd A
HBCP,HBCP - Home Bancorp Inc
HBHC,HBHC - Hancock Holding Co
HBHCL,HBHCL - Hancock Hld 5.95 Nt
HBIO,HBIO - Harvard Bioscience
HBK,HBK - Hamilton Bancorp
HBMD,HBMD - Howard Bancorp MD
HBNC,HBNC - Horizon Bancorp
HBP,HBP - Huttig Bldg Products
HCAP,HCAP - Harvest Capital Cred
HCAPL,HCAPL - Hrvst Cap 7% Nt 2020
HCCI,HCCI - Heritage-Crystal
HCKT,HCKT - Hackett Grp Inc
HCM,HCM - Hutchison China Ads
HCOM,HCOM - Hawaiian Telcom Hold
HCSG,HCSG - Healthcare Svcs Gp
HDNG,HDNG - Hardinge Inc
HDP,HDP - Hortonworks Cmn
HDS,HDS - HD Supply Hlds Cmm
HDSN,HDSN - Hudson Tech Inc
HEAR,HEAR - Turtle Beach Corp Cmn
HEBT,HEBT - Hebron Technology Co. Ltd.
HEES,HEES - H&E Equip Services
HELE,HELE - Helen of Troy Ltd
HEOP,HEOP - Heritage Oaks Bancp
HFBC,HFBC - Hopfed Bancorp Inc
HFBL,HFBL - Home Federal
HFWA,HFWA - Heritage Financial
HGSH,HGSH - China Hgs Real Est
HIBB,HIBB - Hibbett Sports Inc
HIFS,HIFS - Hingham Inst For Svg
HIHO,HIHO - Highway Hldgs Ltd
HIIQ,HIIQ - Health Insurance Inn
HIMX,HIMX - Himax Technologies
HLG,HLG - Hailiang Edu Grp Ads
HLIT,HLIT - Harmonic Inc
HLNE,HLNE - Hamilton Lane Incorporated Class A
HMHC,HMHC - Houghton Mifflin Har
HMNF,HMNF - Hmn Financial Inc
HMNY,HMNY - Helios and Matsn Ana
HMST,HMST - Homestreet Inc
HMSY,HMSY - Hms Hldgs Cp
HMTA,HMTA - Hometown Bankshares
HMTV,HMTV - Hemisphere Media A
HNH,HNH - Handy & Harman Ltd
HNNA,HNNA - Hennessy Advisors Cmn
HNRG,HNRG - Hallador Energy Co
HOFT,HOFT - Hooker Furniture
HOLI,HOLI - Hollysys Automation
HOLX,HOLX - Hologic Inc
HOMB,HOMB - Home Bancshares Inc
HONE,HONE - Harborone Bancorp Inc
HOPE,HOPE - Hope Bancorp Inc
HOTR,HOTR - Chanticleer Hldgs
HOTRW,HOTRW - Chanticleer Warrants
HOVNP,HOVNP - Hovnanian Entr Dep A
HPJ,HPJ - Highpower Intl Inc
HPT,HPT - Hospitality Properites Trust
HQCL,HQCL - Hanwha Q Cells Ads
HQY,HQY - Healthequity Cmn Stk
HRMN,HRMN - Harmony Merger Cmn
HRMNU,HRMNU - Harmony Merger Unit
HRMNW,HRMNW - Harmony Merger Wrnt
HRTX,HRTX - Heron Therapeutics
HRZN,HRZN - Horizon Technology F
HSGX,HSGX - Histogenics Cp Cmn
HSIC,HSIC - Henry Schein Inc
HSII,HSII - Heidrick & Struggl
HSKA,HSKA - Heska Corp
HSNI,HSNI - HSN Inc Cmn Stk
HSON,HSON - Hudson Global Cmn
HSTM,HSTM - Healthstream Inc
HTBI,HTBI - Hometrust Bancshares
HTBK,HTBK - Heritage Commerce
HTBX,HTBX - Heat Biologics Inc
HTGM,HTGM - Htg Molecular Dia Cmn
HTHT,HTHT - China Lodg Grp Ads
HTLD,HTLD - Heartland Express
HTLF,HTLF - Heartland Finl USA
HUBG,HUBG - Hub Group Inc A
HUNT,HUNT - Hunter Maritime Acquisition Corp. Class A
HUNTU,HUNTU - Hunter Maritime Acquisition Corp
HUNTW,HUNTW - Hunter Maritime Acquisition Corp. Warrant
HURC,HURC - Hurco Cos Inc
HURN,HURN - Huron Consulting
HVBC,HVBC - Hv Bancorp Inc
HWBK,HWBK - Hawthorn Bancshares
HWCC,HWCC - Houston Wire Cable
HWKN,HWKN - Hawkins Inc
HYGS,HYGS - Hydrogenics Corp
HYLS,HYLS - First Trust Tactical
HYND,HYND - Wt Bofa ML HY Ngdr F
HYXE,HYXE - Ishares Iboxx $ High Yield Ex O
HYZD,HYZD - Wt Bofa ML HY Zero D
HZNP,HZNP - Horizon Pharma Ord
IAC,IAC - Iac/Interactive
IART,IART - Integra Lifesciences
IBB,IBB - Ishare Nasdaq Biotech ETF
IBCP,IBCP - Independent Bk Cp
IBKC,IBKC - Iberiabank Corp
IBKCO,IBKCO - Iberiabank Ds Rep C
IBKCP,IBKCP - Iberiabank Dp Sh B
IBKR,IBKR - Interactive Brokers
IBOC,IBOC - Intl Bancshares
IBTX,IBTX - Independent Bank Grp
IBUY,IBUY - Amplify Onln Rtl ETF
ICAD,ICAD - Icad Inc Cmn Stk
ICBK,ICBK - County Bancorp Cmn
ICCC,ICCC - Immucell Cp
ICCH,ICCH - Icc Holdings Inc.
ICFI,ICFI - Icf International
ICHR,ICHR - Ichor
ICLN,ICLN - Ishres Gbl Cln Ergy
ICLR,ICLR - Icon Plc
ICON,ICON - Iconix Brand Group
ICPT,ICPT - Intercept Pharmaceut
ICUI,ICUI - I C U Medical Inc
IDCC,IDCC - Interdigital Inc
IDLB,IDLB - PS FTSE International Low Beta Equal Weight
IDRA,IDRA - Idera Pharmaceutical
IDSA,IDSA - Industrial Svcs Am
IDSY,IDSY - Id Systems Inc
IDTI,IDTI - Integrated Devices
IDXG,IDXG - Interpace Diag Grp
IDXX,IDXX - Idexx Laboratories
IEP,IEP - Icahn Enterprises
IESC,IESC - Ies Holdings Cmn
IEUS,IEUS - Ishares MSCI Europe
IFEU,IFEU - Ishares Europe Dvlpd
IFGL,IFGL - Ishares Intl Devlp
IFMK,IFMK - Ifresh Inc
IFON,IFON - Infosonic Corp
IFV,IFV - First Trt Dorsey Wri
IGF,IGF - Ishares Global Infra
IGLD,IGLD - Internet Gold-Golden
IGOV,IGOV - Ishares Intl Trsy Bd
III,III - Information Svcs Grp
IIIN,IIIN - Insteel Industries
IIJI,IIJI - Internet Init Jap
IIN,IIN - Intricon Corp
IIVI,IIVI - I I V I Inc
IKGH,IKGH - Iao Kun Grp Holdings
IKNX,IKNX - Ikonics Corp
ILG,ILG - Ilg Inc
ILMN,ILMN - Illumina Inc
IMDZ,IMDZ - Immune Design CS
IMED,IMED - Purefunds Etfx Healthtech ETF
IMGN,IMGN - Immunogen Inc
IMI,IMI - Intermolecular Inc
IMKTA,IMKTA - Ingles Markets Inc
IMMR,IMMR - Immersion Corp
IMMU,IMMU - Immunomedics Inc
IMMY,IMMY - Imprimis Phar Cmn
IMNP,IMNP - Immune Pharmaceuticals Inc.
IMOS,IMOS - Chipmos Tech New
IMPV,IMPV - Imperva Inc
INAP,INAP - Internap Corp Cmn
INBK,INBK - First Internet Bcp
INBKL,INBKL - First Internet Bancorp
INCR,INCR - Inc Research A Cmn
INCY,INCY - Incyte Corporation
INDB,INDB - Independent Bk Corp
INDY,INDY - Ishares India 50 ETF
INFI,INFI - Infinity Pharmaceuti
INFN,INFN - Infinera Corporation
INFO,INFO - IHS Markit Ltd
INFR,INFR - Legg Mason ETF Equity Trust Legg Mason Global In
INGN,INGN - Inogen Inc
INNL,INNL - Innocoll Hld Ord Shr
INO,INO - Inovio Pharma Cmn
INOD,INOD - Innodata Inc
INOV,INOV - Inovalon Hldgs Cm A
INPX,INPX - Inpixon
INSE,INSE - Inspired Entertainment Inc.
INSEW,INSEW - Inspired Entertainment Inc. Warrants
INSG,INSG - Novatel Wireless Cmn
INSM,INSM - Insmed Inc
INSY,INSY - Insys Theraptcs Cmn
INTC,INTC - Intel Corp
INTG,INTG - Intergroup Cp The
INTL,INTL - Intl Fcstone Inc Cmn
INTU,INTU - Intuit Inc
INTX,INTX - Intersections Inc
INVA,INVA - Innoviva Inc
INVE,INVE - Identiv Inc
INVT,INVT - Inventergy Glbl Inc
INWK,INWK - Innerworkings Inc
IONS,IONS - Ionis Pharmaceutical
IOSP,IOSP - Innospec Inc
IOTS,IOTS - Adesto Tech Cmn
IPAR,IPAR - Inter Parfums Inc
IPAS,IPAS - Ipass Inc
IPCC,IPCC - Infinity Property
IPCI,IPCI - Intellipharmaceutics
IPDN,IPDN - Professional Diversi
IPGP,IPGP - Ipg Photonics Corp
IPHS,IPHS - Innophos Hldngs Inc
IPKW,IPKW - PS International Buyback Achievers
IPWR,IPWR - Ideal Power Inc
IPXL,IPXL - Impax Labs Inc
IRBT,IRBT - Irobot Corporation
IRCP,IRCP - Irsa Propiedades Ads
IRDM,IRDM - Iridium Comm Inc
IRDMB,IRDMB - Iridium 6.75 Sr B Pf
IRIX,IRIX - Iridex Cp
IRMD,IRMD - Iradimed Cp Cm Stk
IROQ,IROQ - If Bancorp Inc
IRTC,IRTC - Irhythm Technologies Inc
IRWD,IRWD - Ironwood Pharmaceuti
ISBC,ISBC - Investors Bancorp
ISCA,ISCA - Intl Speedway Cl A
ISHG,ISHG - Ishares 1-3 Yr Intl
ISIG,ISIG - Insignia Systems
ISLE,ISLE - Isle of Capri Cas
ISM,ISM - SLM Corp Med Nt A
ISNS,ISNS - Image Sensing Syst
ISRG,ISRG - Intuitive Surg Inc
ISRL,ISRL - Isramco Inc
ISSC,ISSC - Innovative Sol&Sup
ISTR,ISTR - Investar Holding Cmn
ITCI,ITCI - Intra-Cellular Ther
ITEK,ITEK - Inotek Pharma Cmn
ITEQ,ITEQ - Blstar Ta-Bgtch Isrl
ITI,ITI - Iteris Inc Cmn Stk
ITIC,ITIC - Investors Title Co
ITRI,ITRI - Itron Inc
ITRN,ITRN - Ituran Location
ITUS,ITUS - Itus Corp Cmn
IVAC,IVAC - Intevac Inc
IVTY,IVTY - Invuity Inc Cmn Stk
IXUS,IXUS - Ishs Core ACWI IMI
IXYS,IXYS - Ixys Corporation
IZEA,IZEA - Izea Inc
JACK,JACK - Jack In The Box Inc
JAGX,JAGX - Jaguar Animal Cmn
JAKK,JAKK - Jakks Pacific Inc
JASN,JASN - Jason Indst Cmn
JASNW,JASNW - Jason Industries Wt
JASO,JASO - JA Solar Holdings
JAZZ,JAZZ - Jazz Pharma Plc
JBHT,JBHT - J B Hunt Transport
JBLU,JBLU - Jetblue Airways Cp
JBSS,JBSS - John B Sanfilippo
JCOM,JCOM - J2 Global Inc Cmn
JCS,JCS - Commun Systems Inc
JCTCF,JCTCF - Jewett-Cameron Trd
JD,JD - Jd.Com Inc Ads
JIVE,JIVE - Jive Software Inc
JJSF,JJSF - J J Snack Foods
JKHY,JKHY - Jack Henry & Assoc
JKI,JKI - Ishares Mrgng Mid Va
JMBA,JMBA - Jamba Inc Cmn Stk
JMU,JMU - Wowo Ltd Ads
JNCE,JNCE - Jounce Therapeutics Inc
JNP,JNP - Juniper Pharm Inc
JOBS,JOBS - 51Job Inc
JOUT,JOUT - Johnson Outdoors I
JRJC,JRJC - China Finance Online
JRVR,JRVR - James River Gp HD Cmn
JSM,JSM - SLM Cp 6% Sr Nt
JSMD,JSMD - Jns Sml Mid Cap ETF
JSML,JSML - Janus Sm Cap Gr ETF
JSYN,JSYN - Jensyn Acq Cp CS
JSYNR,JSYNR - Jensyn Acq Cp Rt
JSYNU,JSYNU - Jensyn Acq Cp Ut
JSYNW,JSYNW - Jensyn Acq Cp Wt
JTPY,JTPY - Jetpay Corporation
JUNO,JUNO - Juno Therapeutics Cmn
JVA,JVA - Coffee Holding Co.
JXSB,JXSB - Jacksonville Bncp
JYNT,JYNT - The Joint Corp Cmn
KAACU,KAACU - Kayne Anderson Acquisition Corp. Unit
KALU,KALU - Kaiser Aluminum
KALV,KALV - Kalvista Pharmaceuticals Inc
KANG,KANG - Ikang Healthcare ADR
KBAL,KBAL - Kimball Intl Cl B
KBSF,KBSF - Kbs Fashion Gp Ltd
KBWB,KBWB - KBW Bank Powershares
KBWD,KBWD - KBW High Div Yield Financial Powershares
KBWP,KBWP - KBW Prop & Casuality Insur Powershares
KBWR,KBWR - KBW Regional Banking Powershares
KBWY,KBWY - KBW Prem Yield Equity REIT Powershares
KCAP,KCAP - Kcap Financial Cmn
KE,KE - Kimball Electrnc Cmn
KELYA,KELYA - Kelly Svcs Cl A
KELYB,KELYB - Kelly Services Cl
KEQU,KEQU - Kewaunee Scientifi
KERX,KERX - Keryx Biopharm Inc
KEYW,KEYW - Keyw Holding Corp
KFFB,KFFB - Kentucky First Fed
KFRC,KFRC - Kforce Inc
KGJI,KGJI - Kingold Jewelry Inc
KHC,KHC - Kraft Heinz Co Cmn
KIN,KIN - Kindred Biosciences
KINS,KINS - Kingstone Cos Inc
KIRK,KIRK - Kirkland's Inc
KITE,KITE - Kite Pharma Inc Cmn
KLAC,KLAC - K L A-Tencor Corp
KLIC,KLIC - Kulicke and Soffa
KLRE,KLRE - Klr Energy Acq Cm A
KLREU,KLREU - Klr Energy Acq Ut
KLREW,KLREW - Klr Energy Acq Wt
KLXI,KLXI - Klx Inc
KMDA,KMDA - Kamada Ltd
KMPH,KMPH - Kempharm Inc Cmn
KNDI,KNDI - Kandi Techs Grp Cmn
KNSL,KNSL - Kinsale Capital Group Inc Cmn
KONA,KONA - Kona Grill Inc
KONE,KONE - Kingtone Wirelessinf
KOOL,KOOL - Cesca Therapeutics I
KOPN,KOPN - Kopin Cp
KOSS,KOSS - Koss Cp
KPTI,KPTI - Karyopharm Therapeut
KRMA,KRMA - Global X Conscious Companies ETF
KRNT,KRNT - Kornit Digital Ord
KRNY,KRNY - Kearny Financial Cmn
KTCC,KTCC - Key Tronic Cp
KTEC,KTEC - Key Technology Inc
KTOS,KTOS - Kratos Defns
KTOV,KTOV - Kitov Pharamceut Ads
KTOVW,KTOVW - Kitov Pharamceuti Wt
KTWO,KTWO - K2M Group Hldngs Cmn
KURA,KURA - Kura Oncology Cmn
KVHI,KVHI - K V H Inds Inc
KWEB,KWEB - Kraneshs Csi Chn ETF
KZ,KZ - Kongzhong Corp
LABL,LABL - Multi Color Cp
LAKE,LAKE - Lakeland Inds Inc
LALT,LALT - PS Multi-Strategy Alternative
LAMR,LAMR - Lamar Advertis A
LANC,LANC - Lancaster Colony Cor
LAND,LAND - Gladstone Land Corp
LANDP,LANDP - Gladstone Land Corp
LARK,LARK - Landmark Bancorp Inc
LAUR,LAUR - Laureate Education Inc
LAWS,LAWS - Lawson Products In
LAYN,LAYN - Layne Christensen
LBAI,LBAI - Lakeland Bancorp Inc
LBIO,LBIO - Lion Biotechnologies
LBIX,LBIX - Leading Brands
LBRDA,LBRDA - Liberty Broadbd A Cmn
LBRDK,LBRDK - Liberty Broadbd C Cmn
LBTYA,LBTYA - Liberty Global Ord A
LBTYB,LBTYB - Liberty Global Ord B
LBTYK,LBTYK - Liberty Global Ord C
LCA,LCA - Landcadia Holdings Inc
LCAHU,LCAHU - Landcadia Holding Un
LCAHW,LCAHW - Landcadia Holdings Inc. Warrant
LCNB,LCNB - Lcnb Corporation
LCUT,LCUT - Lifetime Brands Inc
LDRI,LDRI - PS Ladderrite 0-5 Year Corporate Bond
LE,LE - Lands' End Inc Cmn
LECO,LECO - Lincoln Elec Hldg
LEDS,LEDS - Semileds Corporation
LENS,LENS - Presbia Plc Ord Shs
LEXEA,LEXEA - Liberty Expedia Holdings Inc
LFUS,LFUS - Littelfuse Inc
LFVN,LFVN - Lifevantage Cp Cmn
LGCY,LGCY - Legacy Reserves LP
LGCYO,LGCYO - Legacy Resrvs Sr B
LGCYP,LGCYP - Legacy Resrvs Sr A
LGIH,LGIH - LGI Homes Inc
LGND,LGND - Ligand Pharm Cmn
LHCG,LHCG - LHC Group Inc
LIFE,LIFE - Atyr Pharma Inc Cmn
LILA,LILA - Liberty Lilac Cl A
LILAK,LILAK - Liberty Lilac Cl C
LINC,LINC - Lincoln Educational
LIND,LIND - Lindblad Expd Hld Cmn
LINDW,LINDW - Lindblad Expd Wt
LINK,LINK - Interlink Elctrnc Cmn
LION,LION - Fidelity Southern Cp
LITE,LITE - Lumentum Hld Cmn
LIVE,LIVE - Live Ventures Cmn
LIVN,LIVN - Livanova Plc Or Sh
LJPC,LJPC - La Jolla Pharma
LKFN,LKFN - Lakeland Finl Corp
LKOR,LKOR - Flxshrs Crsc Lg Corp
LKQ,LKQ - LKQ Corp
LLEX,LLEX - Lilis Energy Inc
LLIT,LLIT - Lianluo Smart Ltd
LLNW,LLNW - Limelight Networks
LMAT,LMAT - Lemaitre Vascular
LMB,LMB - Limbach Holdings Inc
LMBS,LMBS - First TR Low Opp ETF
LMFA,LMFA - Lm Funding Cmn
LMFAW,LMFAW - Lm Funding Wt
LMIA,LMIA - LMI Aerospace Inc
LMNR,LMNR - Limoneira Co
LMNX,LMNX - Luminex Corporation
LMOS,LMOS - Lumos Networks Corp
LMRK,LMRK - Landmark Cmn Units
LMRKO,LMRKO - Landmark Infrastructure Partners LP
LMRKP,LMRKP - Landmark Inf Prf
LNCE,LNCE - Snyders-Lance Inc
LNDC,LNDC - Landec Cp
LNGR,LNGR - Glbl X Lngvty Th Ett
LNTH,LNTH - Lantheus Holdings Cmn
LOAN,LOAN - Manhattan Bridge
LOB,LOB - Live Oak Bancsh Cmn
LOCO,LOCO - El Pollo Loco Cmn
LOGI,LOGI - Logitech Int Sa
LOGM,LOGM - Logmein Inc
LONE,LONE - Lonestar Resources US Inc
LOPE,LOPE - Grand Canyon Educati
LORL,LORL - Loral Space Comm
LOXO,LOXO - Loxo Oncology CS
LPCN,LPCN - Lipocine Inc Cmn
LPLA,LPLA - Lpl Financial Hld Cmn
LPNT,LPNT - Lifepoint Health Cmn
LPSN,LPSN - Liveperson Inc
LPTH,LPTH - Lightpath Tech Inc
LPTX,LPTX - Leap Therapeutics Inc
LQDT,LQDT - Liquidity Services
LRAD,LRAD - Lrad Corporation
LRCX,LRCX - Lam Research Corp
LSBK,LSBK - Lake Shore Bancorp
LSCC,LSCC - Lattice Semicond
LSTR,LSTR - Landstar System
LSXMA,LSXMA - Liberty Srs XM CS A
LSXMB,LSXMB - Liberty Srs XM CS B
LSXMK,LSXMK - Liberty Srs XM CS C
LTBR,LTBR - Lightbridge Corp
LTEA,LTEA - Long Island Iced Tea Corp
LTRPA,LTRPA - Liberty Tripadv A Cmn
LTRPB,LTRPB - Liberty Tripadv B Cmn
LTRX,LTRX - Lantronix Inc
LTXB,LTXB - Legacytexas Fnl Cmn
LULU,LULU - Lululemon Athletica
LUNA,LUNA - Luna Innovations Inc
LVHD,LVHD - Legg Mason Lv HD ETF
LVNTA,LVNTA - Liberty Vntrs Srs A
LWAY,LWAY - Lifeway Foods Inc
LXRX,LXRX - Lexicon Pharmaceutcl
LYTS,LYTS - L S I Industries I
MACK,MACK - Merrimack Pharmaceut
MACQ,MACQ - M I Acquisitions Inc
MACQU,MACQU - M I Acquisitions Inc. Un
MACQW,MACQW - M I Acquisitions Inc. Warrant
MAGS,MAGS - Magal Security Syst
MAMS,MAMS - Mam Software Gp Cmn
MANH,MANH - Manhattan Assoc
MANT,MANT - Mantech Intl Cp A
MAR,MAR - Marriot Int Class A
MARA,MARA - Marathon Patent Grou
MARK,MARK - Remark Holdings Inc.
MARPS,MARPS - Marine Petroleum U
MASI,MASI - Masimo Corporation
MAT,MAT - Mattel Inc
MATR,MATR - Mattersight Corp
MATW,MATW - Matthews Intl Corp
MAUI,MAUI - Advisrshs Mkt Adptve
MAYS,MAYS - J W Mays Inc
MB,MB - Mindbody Cls A Cmn
MBCN,MBCN - Middlefield Banc Cmn
MBFI,MBFI - MB Financial Inc
MBFIP,MBFIP - MB Financial Pd Sr A
MBII,MBII - Marrone Bio Innov
MBOT,MBOT - Microbot Medical Inc
MBRG,MBRG - Middleburg Finl Corp
MBRX,MBRX - Moleculin Biotech CS
MBSD,MBSD - Flexshares Dspln MBS
MBTF,MBTF - Mbt Financial Corp
MBUU,MBUU - Malibu Boats Cmn A
MBVT,MBVT - Merchants Bancshares
MBVX,MBVX - Mabvax Therapeutics Holdings Inc
MBWM,MBWM - Mercantile Bank Corp
MCBC,MCBC - Macatawa Bank Corp
MCEF,MCEF - First Trust Municipal CEF Income Opportunity ETF
MCEP,MCEP - Mid-Con Energy Partn
MCFT,MCFT - Mcbc Holdings Cmn
MCHI,MCHI - Ishares MSCI China ETF
MCHP,MCHP - Microchip Technology
MCHX,MCHX - Marchex Inc
MCRB,MCRB - Seres Theraptc Cmn
MCRI,MCRI - Monarch Casino
MDCA,MDCA - Mdc Partners Cl A
MDCO,MDCO - Medicines Co
MDGL,MDGL - Madrigal Pharmaceuticals Inc
MDGS,MDGS - Medigus Ltd Ads
MDIV,MDIV - First Trust Vi Mlti
MDLZ,MDLZ - Mondelez Intl Cmn A
MDRX,MDRX - Allscripts Hlthcare
MDSO,MDSO - Medidata Solutions
MDSY,MDSY - Modsys Int'l Ltd
MDVX,MDVX - Medovex Corp. Cmn
MDVXW,MDVXW - Medovex Cp Cl A Wt
MDWD,MDWD - Mediwound Ltd Ord Sh
MDXG,MDXG - Mimedx Group Inc
MEDP,MEDP - Medpace Holdings Inc.
MEET,MEET - The Meet Group
MEIP,MEIP - Mei Pharma Inc Cmn
MELI,MELI - Mercadolibre Inc
MELR,MELR - Melrose Bancorp Cmn
MEMP,MEMP - Memorial Production
MENT,MENT - Mentor Graphics
MEOH,MEOH - Methanex Cp
MERC,MERC - Mercer Intl Inc
MESO,MESO - Mesoblast Ltd Ads
METC,METC - Ramaco Resources Inc
MFIN,MFIN - Medallion Fin Cp
MFINL,MFINL - Medallion Fin Notes
MFNC,MFNC - Mackinac Financial
MFRI,MFRI - M F R I Inc
MFSF,MFSF - Mutualfirst Finl Inc
MGCD,MGCD - Mgc Diagnostics Corp
MGEE,MGEE - Mge Energy Inc
MGEN,MGEN - Miragen Therapeutics Inc
MGI,MGI - Moneygram Intl Cmn
MGIC,MGIC - Magic Software Entpr
MGLN,MGLN - Magellan Health Cmn
MGNX,MGNX - Macrogenics Cmn
MGPI,MGPI - MGP Ingredients Inc
MGRC,MGRC - Mcgrath Rentcorp
MGYR,MGYR - Magyar Bancorp Inc
MHLD,MHLD - Maiden Holdings Ltd
MICT,MICT - Micronet Enertec Tec
MICTW,MICTW - Micronet Enertec Wrt
MIDD,MIDD - Middleby Corp
MIII,MIII - M III Acquisition Corp
MIIIU,MIIIU - M III Acquisition
MIIIW,MIIIW - M III Acquisition Corp. Wt
MIK,MIK - The Michaels Comp Cmn
MILN,MILN - Glbl X Mlnls Thm ETF
MIME,MIME - Mimecast Limited Ord
MIND,MIND - Mitcham Inds Inc
MINDP,MINDP - Mitcham Industries Inc
MINI,MINI - Mobile Mini Inc
MIRN,MIRN - Mirna Therap Cmn Stk
MITK,MITK - Mitek Systems Inc
MITL,MITL - Mitel Networks Corp
MKSI,MKSI - Mks Instruments Inc
MKTX,MKTX - Marketaxess Holdings
MLAB,MLAB - Mesa Labs Inc
MLCO,MLCO - Melco Resorts & Entertainment
MLHR,MLHR - Miller Herman Inc
MLNK,MLNK - Moduslink Global Cmn
MLNX,MLNX - Mellanox Technologie
MLVF,MLVF - Malvern Bncp Cmn Stk
MMAC,MMAC - Mma Capital Mngt Cmn
MMLP,MMLP - Martin Midstrm LP
MMSI,MMSI - Merit Medical Sys
MMYT,MMYT - Makemytrip Limited
MNDO,MNDO - Mind C.T.I. Ltd
MNGA,MNGA - Magnegas Corporation
MNKD,MNKD - Mannkind Corporation
MNOV,MNOV - Medicinova Inc
MNRO,MNRO - Monro Muffler Brak
MNST,MNST - Monster Beverage Cp
MNTA,MNTA - Momenta Pharma
MNTX,MNTX - Manitex Intl Inc
MOBL,MOBL - Mobileiron Inc Cmn
MOCO,MOCO - Mocon Inc
MOFG,MOFG - Midwestone Fnl Gp
MOGLC,MOGLC - Gabelli Nextshares Trust Gabelli Media Mogul Nex
MOMO,MOMO - Momo Inc Ads
MORN,MORN - Morningstar Inc
MOSY,MOSY - Mosys Inc
MOXC,MOXC - Moxian Inc
MPAA,MPAA - Motorcar Parts Amer
MPACU,MPACU - Matlin & Partners Acquisition Corporation Units
MPB,MPB - Mid Penn Bancorp Inc
MPCT,MPCT - Ishrs Su MSCI Glb Im
MPEL,MPEL - Melco Crown Entm Ads
MPVD,MPVD - Mountain Prv Dmds
MPWR,MPWR - Monolithic Power Sys
MRAM,MRAM - Everspin Technologies Inc
MRCC,MRCC - Monroe Capital Corpo
MRCY,MRCY - Mercury Sys Inc
MRDN,MRDN - Meridian Waste Solutions Inc
MRDNW,MRDNW - Meridian Waste Solutions Inc Warrants
MRLN,MRLN - Marlin Business Serv
MRNS,MRNS - Marinus Pharma CS
MRTN,MRTN - Marten Transport L
MRTX,MRTX - Mirati Therapeutics
MRUS,MRUS - Merus N.V. CS
MRVC,MRVC - Mrv Communictns Cmn
MRVL,MRVL - Marvell Tech Group
MSBF,MSBF - MSB Financial Cmn
MSBI,MSBI - Midland Sts BNC Cmn
MSCC,MSCC - Microsemi Corp
MSDI,MSDI - Monster Digital Inc
MSDIW,MSDIW - Monster Digital [Warrants]
MSEX,MSEX - Middlesex Water Co
MSFG,MSFG - Mainsource Finl Grp
MSFT,MSFT - Microsoft Corp
MSLI,MSLI - Merus Labs Intl Inc
MSON,MSON - Misonix Inc
MSTR,MSTR - Microstrategy Cl A
MTBC,MTBC - Medical Transc Bl Cmn
MTBCP,MTBCP - Mtbc 11% Sr A Prf ST
MTCH,MTCH - Match Group Inc CS
MTEX,MTEX - Mannatech Inc
MTFB,MTFB - Motif Bio Plc
MTFBW,MTFBW - Motif Bio Plc Warrants To Purchase Adrs
MTGE,MTGE - American Cap Mtg Inv
MTGEP,MTGEP - Amrcn Cap Mt Sr A PS
MTLS,MTLS - Materialise Nv Ads
MTP,MTP - Midatech Pharma Ads
MTRX,MTRX - Matrix Service Co
MTSC,MTSC - M T S Systems Cp
MTSI,MTSI - Macom Technology S
MTSL,MTSL - M E R Tlmgt Sol
MU,MU - Micron Technology
MVIS,MVIS - Microvision
MXIM,MXIM - Maxim Integrated
MXPT,MXPT - Maxpoint Intrctv Cmn
MXWL,MXWL - Maxwell Technologies
MYGN,MYGN - Myriad Genetics Inc
MYL,MYL - Mylan Nv Ord Shs
MYOK,MYOK - Myokardia Inc Cm ST
MYOS,MYOS - Myos Rens Tech Cmn
MYRG,MYRG - Myr Group Inc
MYSZ,MYSZ - My Size Inc Cmn
MZOR,MZOR - Mazor Robotics Ads
NAII,NAII - Natural Alternativ
NAKD,NAKD - Naked Brand Group CS
NAME,NAME - Rightside Group Cmn
NANO,NANO - Nanometrics Inc
NATH,NATH - Nathan's Famous In
NATI,NATI - Natl Instruments Cor
NATR,NATR - Nature S Sunshine
NAUH,NAUH - National American Un
NAVG,NAVG - Navigators Grp Inc
NAVI,NAVI - Navient Cp Cmn
NBEV,NBEV - New Age Beverages Corp
NBIX,NBIX - Neurocrine Bioscienc
NBN,NBN - Northeast Bncp
NBRV,NBRV - Nabriva Therape Ads
NBTB,NBTB - NBT Bancorp Inc
NCBS,NCBS - Nicolet Bnkshr Cmn
NCIT,NCIT - NCI Inc
NCLH,NCLH - Norwegian Cruise Ord
NCMI,NCMI - National Cinemedia
NCOM,NCOM - National Commerce Cmn
NCTY,NCTY - The9 Limited
NDAQ,NDAQ - Nasdaq Inc Cmn Stk
NDLS,NDLS - Noodles & Co Cla Cmn
NDRM,NDRM - Neuroderm Ltd Ord Sh
NDSN,NDSN - Nordson Corporation
NEO,NEO - Neogenomics Inc
NEOG,NEOG - Neogen Cp
NEON,NEON - Neonode Inc
NEOS,NEOS - Neos Therapeutics Cmn
NEOT,NEOT - Neothetics Cmn
NEPT,NEPT - Neptune Tech
NERV,NERV - Minerva Neuroscie Cmn
NETE,NETE - Net Element Inc
NEWS,NEWS - Newstar Financial
NEWT,NEWT - Newtek Bus Svcs Cmn
NEWTL,NEWTL - Newtek Business 7%Nt
NEWTZ,NEWTZ - Newtek 7.5% NTS 2022
NFBK,NFBK - Northfield Bncrp Del
NFEC,NFEC - NF Energy Saving Cor
NFLX,NFLX - Netflix Inc
NGHC,NGHC - National General Hld
NGHCN,NGHCN - National General Holdings Corp
NGHCO,NGHCO - National Gnl Hld Ds
NGHCP,NGHCP - National Gen Srs A
NGHCZ,NGHCZ - National Gen Sub NTS
NH,NH - Nanthealth Inc Cmn
NHLD,NHLD - National Holdings
NHLDW,NHLDW - National Holdings Corporation Warrants
NHTC,NHTC - Natural Hlth Trd Cmn
NICE,NICE - Nice Ltd
NICK,NICK - Nicholas Fincl Inc
NIHD,NIHD - NII Holdings Cmn
NK,NK - Nantkwest Inc CS
NKSH,NKSH - Natl Bankshares Inc
NKTR,NKTR - Nektar Therapeutics
NLNK,NLNK - Newlink Genetics Cor
NLST,NLST - Netlist Inc
NMIH,NMIH - Nmi Holdings Cmn A
NMRX,NMRX - Numerex Cp Cl A [P
NNBR,NNBR - NN Inc
NNDM,NNDM - Nano Dimension Ads
NODK,NODK - Ni Holdings Inc. Common Stock
NOVN,NOVN - Novan Inc
NOVT,NOVT - Novanta Inc
NRCIA,NRCIA - National Resh Cla Cmn
NRCIB,NRCIB - Natl Research Cl B
NRIM,NRIM - Northrim Bancorp Inc
NSEC,NSEC - Natl Security Gp I
NSIT,NSIT - Insight Enterpr
NSSC,NSSC - Napco Sec Tech Inc
NSTG,NSTG - Nanostring Tech Cmn
NSYS,NSYS - Nortech Systems In
NTAP,NTAP - Netapp Inc
NTCT,NTCT - Netscout Systems I
NTEC,NTEC - Intec Pharma Ord Shr
NTES,NTES - Netease Inc Ads
NTGR,NTGR - Netgear Inc
NTIC,NTIC - Northern Tech Inc
NTLA,NTLA - Intellia Thera CS
NTNX,NTNX - Nutanix Inc
NTRA,NTRA - Natera Inc
NTRI,NTRI - Nutrisystem Inc
NTRP,NTRP - Neurotrope Inc
NTRS,NTRS - Northern Trust Corp
NTRSP,NTRSP - Northern TR Dep Shs
NTWK,NTWK - Netsol Tech Inc
NUAN,NUAN - Nuance Communicatns
NURO,NURO - Neurometrix Inc
NUROW,NUROW - Neurometrix Inc Wt
NUTR,NUTR - Nutraceutical Intl
NUVA,NUVA - Nuvasive Inc
NVAX,NVAX - Novavax Inc
NVCN,NVCN - Neovasc Inc
NVCR,NVCR - Novocure Ltd Ord Sh
NVDA,NVDA - Nvidia Corporation
NVDQ,NVDQ - Novadaq Technologies
NVEC,NVEC - Nve Corp
NVEE,NVEE - Nv5 Global Cmn
NVET,NVET - Nexvet Biopharma Ord
NVFY,NVFY - Nova Lifestyle Inc
NVGN,NVGN - Novogen Ltd Ads
NVIV,NVIV - Invivo Theraptc Cmn
NVLN,NVLN - Novelion Therapeutics Inc
NVLS,NVLS - Nivalis Thera Cmn ST
NVMI,NVMI - Nova Measuring Instr
NVTR,NVTR - Nuvectra Corp Cmn ST
NWBI,NWBI - Northwest Bancshares
NWFL,NWFL - Norwood Financial Cp
NWLI,NWLI - Natl Wstrn Life Gp A
NWPX,NWPX - Northwest Pipe Co
NWS,NWS - News Cp Cl B Cmn ST
NWSA,NWSA - News Cp Cl A Cmn ST
NXEO,NXEO - Nexeo Solutions Inc
NXEOU,NXEOU - Nexeo Solutions Inc
NXEOW,NXEOW - Nexeo Solutions Inc
NXPI,NXPI - Nxp Semiconductors
NXST,NXST - Nexstar Broadcasting
NXTD,NXTD - Nxt-Id Inc Cmn Stk
NXTDW,NXTDW - Nxt-Id Inc Warrant
NXTM,NXTM - Nxstage Medical Inc
NYMT,NYMT - New York Mtge Trust
NYMTO,NYMTO - New York Mort 7.875
NYMTP,NYMTP - New York Mrtg 7.75 B
NYMX,NYMX - Nymox Pharm Corp
NYNY,NYNY - Empire Resorts Inc
OACQ,OACQ - Origo Acquisition Corp
OACQR,OACQR - Origo Acquisition Corp
OACQW,OACQW - Origo Acquisition Corp
OASM,OASM - Oasmia Pharmaceu Ads
OBAS,OBAS - Optibase Ltd
OBCI,OBCI - Ocean Bio Chem Inc
OBLN,OBLN - Obalon Therapeutics Inc
OBSV,OBSV - Obseva Sa Ordinary Shares
OCC,OCC - Optical Cable Corp
OCFC,OCFC - Oceanfirst Finl Corp
OCLR,OCLR - Oclaro Inc
OCRX,OCRX - Ocera Therapeutics
OCUL,OCUL - Ocular Therapeut Cmn
ODFL,ODFL - Old Dominion Freig
ODP,ODP - Office Depot Cmn
OESX,OESX - Orion Energy Syst Cmn
OFED,OFED - Oconee Fed Fin Corp
OFIX,OFIX - Orthofix Intl Nv
OFLX,OFLX - Omega Flex Inc
OFS,OFS - Ofs Capital Corporat
OGXI,OGXI - Oncogenex Pharma
OHAI,OHAI - Oha Investmnt Cp Cmn
OHGI,OHGI - One Horizon Grp Cmn
OHRP,OHRP - Ohr Pharmceutial Cmn
OIIM,OIIM - O2Micro Intl Ltd
OKSB,OKSB - Southwest Bncp Inc
OLBK,OLBK - Old Line Bancshs MD
OLD,OLD - The Long-Term Care ETF
OLED,OLED - Universal Display
OLLI,OLLI - Ollies Bargain CS
OMAB,OMAB - Grupo Aeroportuario
OMCL,OMCL - Omnicell Inc
OMED,OMED - Oncomed Pharma
OMER,OMER - Omeros Corporation
OMEX,OMEX - Odyssey Marine Expl
OMNT,OMNT - Ominto Inc
ON,ON - On Semiconductor
ONB,ONB - Old National Bncp Cmn
ONCE,ONCE - Spark Therap Cmn
ONCS,ONCS - Oncosec Medical Cmn
ONEQ,ONEQ - Nasdaq Comp Ndx Fund
ONS,ONS - Oncobiologics Inc
ONSIW,ONSIW - Oncobiologics Inc
ONSIZ,ONSIZ - Oncobiologics Inc
ONTX,ONTX - Onconova Therapeutic
ONTXW,ONTXW - Onconova Therapeutics Inc
ONVI,ONVI - Onvia Inc
ONVO,ONVO - Organovo Holdings
OPB,OPB - Opus Bank Cmn Stk
OPGN,OPGN - Opgen Inc Cmn Stk
OPGNW,OPGNW - Opgen Inc Warrant
OPHC,OPHC - Optimumbank Hldgs
OPHT,OPHT - Ophthotech Corp Cmn
OPK,OPK - Opko Health Inc
OPOF,OPOF - Old Point Finl Cp
OPTT,OPTT - Ocean Power Tech Inc
OPXA,OPXA - Opexa Therapeutics
OPXAW,OPXAW - Opexa Therap Warrant
ORBC,ORBC - Orbcomm Inc
ORBK,ORBK - Orbotech Ltd
OREX,OREX - Orexigen Therapeutic
ORG,ORG - The Organics ETF
ORIG,ORIG - Ocean Rig Udw Inc
ORIT,ORIT - Oritani Financial
ORLY,ORLY - O'Reilly Automotive
ORMP,ORMP - Oramed Pharma Cmn
ORPN,ORPN - Bio Blast Pharma Ltd
ORRF,ORRF - Orrstown Finl Svcs
OSBC,OSBC - Old Second Bancorp
OSBCP,OSBCP - Old Second Bncp
OSIS,OSIS - O S I Systems Inc
OSN,OSN - Ossen Innovation Co
OSTK,OSTK - Overstock.Com Inc
OSUR,OSUR - Orasure Tech Inc
OTEL,OTEL - Otelco Cl A Cmn
OTEX,OTEX - Open Text Cp
OTIC,OTIC - Otonomy Inc
OTIV,OTIV - On Track Innovations
OTTR,OTTR - Otter Tail Corp
OTTW,OTTW - Ottawa Saving Bcp Il
OVAS,OVAS - Ovascience Cmn Stk
OVBC,OVBC - Ohio Valley Banc Cp
OVLY,OVLY - Oak Valley Bancp CA
OXBR,OXBR - Oxbridge Ord Shrs
OXBRW,OXBRW - Oxbridge Warrants
OXFD,OXFD - Oxford Immunotec
OXLC,OXLC - Oxford Lane Capital
OXLCN,OXLCN - Oxford Lane 8.125 Pf
OXLCO,OXLCO - Oxford Lane Cap 7.5
OZRK,OZRK - Bank of The Ozarks
PAAC,PAAC - Pacific Spec Acq Ord
PAACR,PAACR - Pacific Spc Aq Right
PAACU,PAACU - Pacific Spc Acq Unit
PAACW,PAACW - Pacific Spc Acq Wrnt
PAAS,PAAS - Pan Amer Silver Corp
PACB,PACB - Pacific Biosciences
PACW,PACW - Pacwest Bancorp
PAGG,PAGG - Powershares Global A
PAHC,PAHC - Phibro Anl Htlh A Cmn
PANL,PANL - Pangaea Logistics So
PATI,PATI - Patriot TR HD Cmn
PATK,PATK - Patrick Inds Inc
PAVM,PAVM - Pavmed Inc Cmn
PAVMW,PAVMW - Pavmed Inc Wt
PAYX,PAYX - Paychex Inc
PBBI,PBBI - Pb Bancorp Inc
PBCT,PBCT - People's United Finl
PBCTP,PBCTP - Peoples Utd Finl Inc
PBHC,PBHC - Pathfinder Bcp MD
PBIB,PBIB - Porter Bancorp Inc
PBIP,PBIP - Prudential Bancorp
PBMD,PBMD - Prima Biomed Ltd
PBNC,PBNC - Paragon Commercial Corporation
PBPB,PBPB - Potbelly Corp Cmn
PBSK,PBSK - Poage Bankshares Inc
PBYI,PBYI - Puma Biotechnology
PCAR,PCAR - Paccar Inc
PCBK,PCBK - Pacific Continental
PCH,PCH - Potlatch Cp
PCLN,PCLN - Priceline Group
PCMI,PCMI - PCM Inc
PCO,PCO - Pendrell Corporation
PCOM,PCOM - Points Intl Ltd
PCRX,PCRX - Pacira Pharm Inc
PCTI,PCTI - Pc-Tel Inc
PCTY,PCTY - Paylocity Hldng Corp
PCYG,PCYG - Park City Group Cmn
PCYO,PCYO - Pure Cycle Corp
PDBC,PDBC - PS DB Optimum Yield Diversified Commodity Strate
PDCE,PDCE - Pdc Energy Inc
PDCO,PDCO - Patterson Companies
PDEX,PDEX - Pro-Dex Inc New
PDFS,PDFS - Pdf Solutions Inc
PDLI,PDLI - Pdl Biopharma Inc
PDP,PDP - Powershares DWA Momentum Portfolio
PDVW,PDVW - Pdvwireless Cmn Stk
PEBK,PEBK - Peoples Bancorp Nc
PEBO,PEBO - Peoples Bancorp Inc
PEGA,PEGA - Pegasystems Inc
PEGI,PEGI - Pattern Energy Cl A
PEIX,PEIX - Pacific Ethanol Inc
PENN,PENN - Penn Natl Gaming Inc
PERF,PERF - Perfumania Hld Inc
PERI,PERI - Perion Network Ltd
PERY,PERY - Perry Ellis Int
PESI,PESI - Perma-Fix Envir
PETS,PETS - Petmed Express Inc
PETX,PETX - Aratana Theraptcs Cmn
PEY,PEY - High-Yield Eq Div Achievers Powershares
PEZ,PEZ - Dynamic Consumer Disc Powershares
PFBC,PFBC - Preferred Bank La
PFBI,PFBI - Premier Finl Bncp
PFBX,PFBX - Peoples Finl Corp
PFI,PFI - Dynamic Financials Powershares
PFIE,PFIE - Profire Energy Cmn
PFIN,PFIN - P F Inds Inc A
PFIS,PFIS - Peoples Finl Svcs Co
PFLT,PFLT - Pennantpark Fltng Rt
PFM,PFM - Dividend Achievers Powershares
PFMT,PFMT - Performant Financial
PFPT,PFPT - Proofpoint Inc
PFSW,PFSW - Pfsweb Inc
PGC,PGC - Peapack Gladstone Fi
PGJ,PGJ - Golden Dragon China Powershares
PGLC,PGLC - Pershing Gold Cmn
PGNX,PGNX - Progenics Pharmaceut
PHII,PHII - PHI Inc
PHIIK,PHIIK - PHI Inc Non-Voting
PHMD,PHMD - Photomedex Inc
PHO,PHO - Water Resources Powershares
PI,PI - Impinj Inc Cmn
PICO,PICO - Pico Holdings Inc
PID,PID - Intl Dividend Achievers Powershares
PIE,PIE - Powershares DWA Emerging Markets Momentum Portfo
PIH,PIH - 1347 Property Ins Cmn
PINC,PINC - Premier Inc Cl A Cmn
PIO,PIO - Global Water Powershares
PIRS,PIRS - Pieris Pharma Cmn
PIZ,PIZ - Powershares DWA Developed Markets Momentum Portf
PKBK,PKBK - Parke Bancorp Inc
PKOH,PKOH - Park Ohio Hldg Cp
PKW,PKW - Buyback Achievers Powershares
PLAB,PLAB - Photronics Inc
PLAY,PLAY - Dave & Buster's Ente
PLBC,PLBC - Plumas Bancorp
PLCE,PLCE - Children's Place Inc
PLKI,PLKI - Popeyes Louisiana
PLPC,PLPC - Preformed Line Prd
PLPM,PLPM - Planet Payment
PLSE,PLSE - Pulse Biosciences CS
PLUG,PLUG - Plug Power Inc
PLUS,PLUS - Eplus Inc
PLW,PLW - 1-30 Laddered Treasury Powershares
PLXS,PLXS - Plexus Cp
PLYA,PLYA - Playa Hotels & Resorts N.V. Ordinary Shares
PLYAW,PLYAW - Playa Hotels & Resorts N.V. Warrants
PMBC,PMBC - Pacific Mercantile
PMD,PMD - Psychemedics
PME,PME - Pingtan Marine
PMPT,PMPT - Etfis Isectors Post-Mpt Growth ETF
PMTS,PMTS - CPI Card Group Cmn
PNBK,PNBK - Patriot Natl Bncp
PNFP,PNFP - Pinnacle Finl Ptnrs
PNK,PNK - Pinnacle Entmt Cmn
PNNT,PNNT - Pennantpark Investme
PNQI,PNQI - PS Nasdaq Internet
PNRA,PNRA - Panera Bread A
PNRG,PNRG - Primeenergy Cp
PNTR,PNTR - Pointer Telocation
PODD,PODD - Insulet Corporation
POLA,POLA - Polar Power Inc.
POOL,POOL - Pool Corporation
POPE,POPE - Pope Resource Uts
POWI,POWI - Power Integratn
POWL,POWL - Powell Inds Inc
PPBI,PPBI - Pacific Premier Bncp
PPC,PPC - Pilgrim's Pride Cmn
PPH,PPH - Vaneck Vectors Pharm
PPHM,PPHM - Peregrine Pharma New
PPHMP,PPHMP - Peregrine Pharmaceut
PPIH,PPIH - Perma-Pipe International Holdings Inc.
PPSI,PPSI - Pioneer Pwr Sol Cmn
PRAA,PRAA - Pra Group Inc Cmn
PRAH,PRAH - Pra Health Cmn Stk
PRAN,PRAN - Prana Bio Ltd Ads S1
PRCP,PRCP - Perceptron Inc
PRFT,PRFT - Perficient Inc
PRFZ,PRFZ - US 1500 Powershares
PRGS,PRGS - Progress Software
PRGX,PRGX - Prgx Global Inc
PRIM,PRIM - Primoris Services Cp
PRKR,PRKR - Parkervision Inc
PRMW,PRMW - Primo Water Corporat
PRN,PRN - Powershares Dynamic Industrials
PROV,PROV - Provident Financial
PRPH,PRPH - Prophase Labs Inc
PRQR,PRQR - Proqr Therapeutics
PRSC,PRSC - Providence Svc Cp
PRSS,PRSS - Cafepress Inc
PRTA,PRTA - Prothena Corp
PRTK,PRTK - Paratek Pharma Inc
PRTO,PRTO - Proteon Thera Com ST
PRTS,PRTS - U.S. Auto Parts Netw
PRXL,PRXL - Parexel Intl Cp
PSAU,PSAU - Pshs Gbl Gld & Prc M
PSC,PSC - Prospect Resources Ltd
PSCC,PSCC - PS S&P Smallcap Consumer Staples
PSCD,PSCD - PS S&P Smallcap Consumer Discretionary
PSCE,PSCE - PS S&P Smallcap Energy
PSCF,PSCF - PS S&P Smallcap Financials
PSCH,PSCH - PS S&P Smallcap Health Care
PSCI,PSCI - PS S&P Smallcap Industrials
PSCM,PSCM - PS S&P Smallcap Materials
PSCT,PSCT - PS S&P Smallcap Information Technology
PSCU,PSCU - PS S&P Smallcap Utilities
PSDO,PSDO - Presidio Inc. Common Stock
PSDV,PSDV - Psivida Corp Com
PSEC,PSEC - Prospect Capital Cp
PSET,PSET - Prncpl Prce Sttr ETF
PSIX,PSIX - Power Solutns Itl Cmn
PSL,PSL - Dynamic Consumer Staples Powershares
PSMT,PSMT - Pricesmart Inc
PSTB,PSTB - Park Sterling Corpor
PSTI,PSTI - Pluristem Therapeutc
PTC,PTC - Ptc Inc
PTCT,PTCT - Ptc Therapeutics Cmn
PTEN,PTEN - Patterson-Uti Energy
PTF,PTF - Dynamic Technology Powershares
PTGX,PTGX - Protagonist Therapeutics Inc
PTH,PTH - Dynamic Healthcare Powershares
PTI,PTI - Proteostasis Ther Cmn
PTIE,PTIE - Pain Therapeutics
PTLA,PTLA - Portola Pharma Cmn
PTNR,PTNR - Partner Comm Co Ltd
PTSI,PTSI - P A M Transport Sv
PTX,PTX - Pernix Theraptcs Cmn
PTXP,PTXP - Penntex Midstream
PUB,PUB - Peoples Utah Cmn Stk
PUI,PUI - Dynamic Utilities Powershares
PULM,PULM - Pulmatrix Inc
PVAC,PVAC - Penn Va Corp
PVBC,PVBC - Provident Bancorp CS
PVTB,PVTB - Privatebancorp Inc
PVTBP,PVTBP - Privatebncrp Trst IV
PWOD,PWOD - Penns Woods Bancorp
PXI,PXI - Dynamic Energy Powershares
PXLW,PXLW - Pixelworks Inc
PXS,PXS - Pyxis Tankers Cmn
PY,PY - Prncpl Shrhl Yld ETF
PYDS,PYDS - Payment Data Syst Cmn
PYPL,PYPL - Paypal Holdings
PYZ,PYZ - Dynamic Basic Materials Powershares
PZRX,PZRX - Phaserx Inc Cmn
PZZA,PZZA - Papa John's Intl
QABA,QABA - Qtec First Trust ETF
QADA,QADA - Qad Inc
QADB,QADB - Q A D Inc Cl B
QAT,QAT - Ishrs MSCI Qatar Cp
QBAK,QBAK - Qualstar Corp
QCLN,QCLN - First Trust Cl Edg Grn
QCOM,QCOM - Qualcomm Inc
QCRH,QCRH - Qcr Holdings Inc
QDEL,QDEL - Quidel Cp
QGEN,QGEN - Qiagen N.V.
QINC,QINC - First TR Rba Ql ETF
QIWI,QIWI - Qiwi Plc ADR
QLC,QLC - Flxshrs US Ql Lg Cap
QLYS,QLYS - Qualys Inc
QNST,QNST - Quinstreet Inc
QPAC,QPAC - Quinpario Acq2 Com
QPACU,QPACU - Quinpario Acq 2 Unit
QPACW,QPACW - Quinpario Acq2 Wrnt
QQEW,QQEW - First Trust Nasdaq-1
QQQ,QQQ - Powershares QQQ
QQQC,QQQC - Global X Nasdaq Chin
QQQX,QQQX - Nuveen Nasdaq 100
QQXT,QQXT - First Trust Ex Tech
QRHC,QRHC - Quest Resource Cmn
QRVO,QRVO - Qorvo Inc Cmn
QSII,QSII - Quality Systems Inc
QTEC,QTEC - First Trust Nasdaq-1
QTNA,QTNA - Quantenna Communications Inc
QTNT,QTNT - Quotient Limited Ord
QUIK,QUIK - Quicklogic Corp
QUMU,QUMU - Qumu Corporation
QURE,QURE - Uniqure N.V.
QVCA,QVCA - Liberty Int Qvc Sr A
QVCB,QVCB - Liberty Int Qvc Sr B
QYLD,QYLD - Recon Nq100 Cv Call
RADA,RADA - Rada Electr Inds Ltd
RAIL,RAIL - Freightcar America
RAND,RAND - Rand Capital Cp
RARE,RARE - Ultragenyx Pharmaceu
RARX,RARX - Ra Pharmaceuticals Inc
RAVE,RAVE - Rave Restaurant Grp
RAVN,RAVN - Raven Industries Inc
RBCAA,RBCAA - Republic Bancorp Inc
RBCN,RBCN - Rubicon Technology
RBPAA,RBPAA - Royal Bncsh of Pa
RCII,RCII - Rent-A-Center Inc
RCKY,RCKY - Rocky Brands Inc
RCM,RCM - R1 Rcm Inc.
RCMT,RCMT - R C M Tech Inc
RCON,RCON - Recon Technology Lt
RDCM,RDCM - Radcom Ltd
RDHL,RDHL - Redhill Biophrma ADR
RDI,RDI - Reading Intl Cl A
RDIB,RDIB - Reading Intl Cl B
RDNT,RDNT - Radnet Inc
RDUS,RDUS - Radius Health Cmn
RDVY,RDVY - First Trust ETF Vi
RDWR,RDWR - Radware Ltd
RECN,RECN - Resources Connect
REFR,REFR - Research Frontiers
REGI,REGI - Renewable Energy
REGN,REGN - Regeneron Pharmaceutical
REIS,REIS - Reis Inc
RELL,RELL - Richardson Electrncs
RELV,RELV - Reliv Intl Inc
RELY,RELY - Real Industry Cmn
REPH,REPH - Recro Pharma Inc
RESN,RESN - Resonant Inc Cmn Stk
RETA,RETA - Reata Pharma Cla  Cmn
REXX,REXX - Rex Energy Corporati
RFAP,RFAP - Fst Tst Rvrfrt Dy Ap
RFDI,RFDI - First Trust Rvfrnt Ddi
RFEM,RFEM - First Trust Riverfront Dynamic
RFEU,RFEU - First Trust Rvrfr Dy EU
RFIL,RFIL - RF Industries Ltd
RGCO,RGCO - Rgc Resources Inc
RGEN,RGEN - Repligen Cp
RGLD,RGLD - Royal Gold Inc
RGLS,RGLS - Regulus Therapeutics
RGNX,RGNX - Regenxbio Inc Cmn
RGSE,RGSE - Real Goods Solar Inc
RIBT,RIBT - Ricebran Technologie
RIBTW,RIBTW - Ricebrantech Warrant
RICK,RICK - RCI Hospitality Hold
RIGL,RIGL - Rigel Pharmaceutical
RILY,RILY - B. Riley Financl Cmn
RILYL,RILYL - B. Riley Financial Inc
RKDA,RKDA - Arcadia Bio Cmn Stk
RLJE,RLJE - Rlj Entertainment
RLOG,RLOG - Rand Logistics Inc
RMBS,RMBS - Rambus Inc
RMCF,RMCF - Rocky Mt Chocolate
RMGN,RMGN - Rmg Networks Holding
RMR,RMR - The Rmr Grp A Cmn
RMTI,RMTI - Rockwell Medical In
RNDB,RNDB - Randolph Bancorp Inc
RNET,RNET - Rignet Inc
RNST,RNST - Renasant Corporation
RNVA,RNVA - Rennova Health Inc
RNVAZ,RNVAZ - Rennova Health Inc Wt
RNWK,RNWK - Realnetworks Inc
ROBO,ROBO - Robo Glb Rob
ROCK,ROCK - Gibraltar Ind Inc
ROIA,ROIA - Radio One Inc
ROIAK,ROIAK - Radio One Inc Cl D
ROIC,ROIC - Retail Opp Invts Cp
ROKA,ROKA - Roka Bioscience Inc
ROLL,ROLL - RBC Bearings Incorp
ROSG,ROSG - Rosetta Genomics Ltd
ROST,ROST - Ross Stores Inc
RP,RP - Realpage Inc
RPD,RPD - Rapid7 Inc Cmn Stk
RPRX,RPRX - Repros Therapeutics
RPXC,RPXC - Rpx Corporation
RRGB,RRGB - Red Robin Gourm
RRR,RRR - Rd Rock Rsrts Cla Cmn
RSYS,RSYS - Radisys Cp
RTIX,RTIX - Rti Surgical Inc
RTK,RTK - Rentech Cmn Stk
RTNB,RTNB - Root9B Technologies Inc
RTRX,RTRX - Retrophin Inc Cmn
RTTR,RTTR - Ritter Pharmac. Com
RUN,RUN - Sunrun Inc Cmn Stk
RUSHA,RUSHA - Rush Entpr Cl A
RUSHB,RUSHB - Rush Entpr Cl B
RUTH,RUTH - Ruth's Hospitality
RVEN,RVEN - Reven Housing REIT
RVLT,RVLT - Revolution Lgt Tc
RVNC,RVNC - Revance Therapeutics
RVSB,RVSB - Riverview Bancorp
RWLK,RWLK - Rewalk Roboti Ord Sh
RXDX,RXDX - Ignyta Inc Cmn
RXII,RXII - Rxi Pharmaceuticals
RXIIW,RXIIW - Rxi Pharmaceuticals Corporation Warrants Expirin
RYAAY,RYAAY - Ryanair Hldgs Plc
SABR,SABR - Sabre Corporation Cmn
SAEX,SAEX - Saexploration Hldgs
SAFM,SAFM - Sanderson Farms In
SAFT,SAFT - Safety Ins Group Inc
SAGE,SAGE - Sage Therapeutic Com
SAIA,SAIA - Saia Inc
SAJA,SAJA - Sajan Cmn Stk
SAL,SAL - Salisbury Bancorp
SALE,SALE - Retailmenot Inc
SALM,SALM - Salem Media Grp Inc
SAMG,SAMG - Silvercrest Ast Cm A
SANM,SANM - Sanmina Corp
SANW,SANW - S&W Seed Company
SASR,SASR - Sandy Spring Bancorp
SATS,SATS - Echostar Corp
SAUC,SAUC - Diversified Rstrt HD
SAVE,SAVE - Spirit Airlines Inc
SBAC,SBAC - SBA Communications
SBBP,SBBP - Strongbridge Bio Ord
SBBX,SBBX - Sussex Bancorp
SBCF,SBCF - Seacoast Banking Cp
SBCP,SBCP - Sunshine Bancorp Cmn
SBFG,SBFG - Sb Financial Group
SBFGP,SBFGP - Sb Fin Grp Dep Shs
SBGI,SBGI - Sinclair Brdcst A
SBLK,SBLK - Star Bulk Carriers
SBLKL,SBLKL - Strblk 8% Sr Nt 2019
SBNY,SBNY - Signature Bank
SBNYW,SBNYW - Signature Bank Wrnt
SBOT,SBOT - Stellar Biotch Cm ST
SBPH,SBPH - Spring Bank Ph CS
SBRA,SBRA - Sabra REIT
SBRAP,SBRAP - Sabra Hlthcare REIT
SBSI,SBSI - Southside Bancshares
SBUX,SBUX - Starbucks Corp
SCAC,SCAC - Saban Capital Acquisition Corp
SCACU,SCACU - Saban Capital Acquisition Corp. Un
SCACW,SCACW - Saban Capital Acquisition Corp. Warrants
SCAI,SCAI - Surgical Care Affili
SCHL,SCHL - Scholastic Cp
SCHN,SCHN - Schnitzer Steel A
SCKT,SCKT - Socket Mobile
SCLN,SCLN - Sciclone Pharmaceut
SCMP,SCMP - Sucampo Pharma Inc
SCON,SCON - Superconductor Tech
SCSC,SCSC - Scansource Inc
SCSS,SCSS - Select Comfort Cp
SCVL,SCVL - Shoe Carnival Inc
SCWX,SCWX - Secureworks Corp CS
SCYX,SCYX - Scynexis Inc Cmn
SCZ,SCZ - Ishares MSCI EAFE Sm
SEAC,SEAC - Sea Change Intl In
SEDG,SEDG - Solaredge Tech Cmn
SEED,SEED - Origin Agritech Limi
SEIC,SEIC - Sei Investments Co
SELB,SELB - Selecta Biosciences
SELF,SELF - Global Self Storage
SENEA,SENEA - Seneca Foods Cp A
SENEB,SENEB - Seneca Foods Cp B
SEV,SEV - Sevcon Inc
SFBC,SFBC - Sound Financial Cmn
SFBS,SFBS - Servisfirst Bancs Cmn
SFLY,SFLY - Shutterfly Inc
SFM,SFM - Sprouts Farmers Mark
SFNC,SFNC - Simmons First Natl
SFST,SFST - Southern First Bancs
SGBK,SGBK - Stonegate Bk Cmn Stk
SGC,SGC - Superior Uniform Grp
SGEN,SGEN - Seattle Genetics Inc
SGLB,SGLB - Sigma Labs Inc
SGLBW,SGLBW - Sigma Labs Inc. Warrant
SGMA,SGMA - Sigmatron Intl Inc
SGMO,SGMO - Sangamo Therapeutics
SGMS,SGMS - Scientific Games
SGOC,SGOC - Sgoco Group Ltd
SGQI,SGQI - Janus Detroit Street Trust Janus Sg Global Quali
SGRP,SGRP - Spar Group Inc
SGRY,SGRY - Surgery Partners CS
SGYP,SGYP - Synergy Pharma Cmn
SHBI,SHBI - Shore Bancshares Inc
SHEN,SHEN - Shenandoah Telecom
SHIP,SHIP - Seanergy Maritime Hl
SHIPW,SHIPW - Seanergy Maritime Holdings Corp Class A Warrants
SHLD,SHLD - Sears Hldgs Corp
SHLDW,SHLDW - Sears Holdings C Wt
SHLM,SHLM - Schulman A Inc
SHLO,SHLO - Shiloh Inds Inc
SHOO,SHOO - Steven Maddens Ltd
SHOR,SHOR - Shoretel Inc
SHOS,SHOS - Sears Hometown
SHPG,SHPG - Shire Plc Ads
SHSP,SHSP - Sharpspring Inc
SIEB,SIEB - Siebert Fin Cp
SIEN,SIEN - Sientra Inc Cmn
SIFI,SIFI - Si Financial Grp MD
SIFY,SIFY - Sify Techs Ltd Ads
SIGI,SIGI - Selective Ins Group
SIGM,SIGM - Sigma Designs Inc
SILC,SILC - Silicom Limited
SIMO,SIMO - Silicon Motion Techn
SINA,SINA - Sina Corporation
SINO,SINO - Sino-Global Shipping
SIR,SIR - Select Income REIT
SIRI,SIRI - Sirius XM Holdings I
SITO,SITO - Sito Mobile Cmn
SIVB,SIVB - Svb Financial Grp
SIVBO,SIVBO - Svb Capital II
SKIS,SKIS - Peak Resorts Cmn
SKLN,SKLN - Skyline Medical Cmn
SKOR,SKOR - Flxshrs Crscr US Cor
SKYS,SKYS - Sky Solar Hold Ads
SKYW,SKYW - Skywest Inc
SKYY,SKYY - First Trust ISE Clou
SLAB,SLAB - Silicon Labs Inc
SLCT,SLCT - Select Bancorp Inc
SLGN,SLGN - Silgan Holdings
SLIM,SLIM - The Obesity ETF
SLM,SLM - SLM Corporation
SLMAP,SLMAP - SLM Cp Srs A Pfd
SLMBP,SLMBP - SLM Cp Srs B Pfd
SLP,SLP - Simulations Plus Inc
SLQD,SLQD - Ishares 0-5 Ig Corp
SLRC,SLRC - Solar Capital Cmn
SLVO,SLVO - CS X-Links Silver Sh
SMBC,SMBC - Southern Mo Bancorp
SMBK,SMBK - Smartfinancial Cm ST
SMCI,SMCI - Super Micro Computer
SMCP,SMCP - Alphamark Actmg Smcp
SMED,SMED - Sharps Compliance
SMIT,SMIT - Schmitt Inds Inc
SMMF,SMMF - Summit Financial Gp
SMMT,SMMT - Summit Therapeu ADR
SMRT,SMRT - Stein Mart Inc
SMSI,SMSI - Smith Micro Software
SMTC,SMTC - Semtech Corp
SMTX,SMTX - Smtc Corp
SNAK,SNAK - Inventure Foods Inc
SNBC,SNBC - Sun Bancorp Inc
SNC,SNC - State Natl Co Cmn
SNCR,SNCR - Synchronoss Technolo
SND,SND - Smart Sand Inc
SNDE,SNDE - Sundance Energy Australia Ltd.
SNDX,SNDX - Syndax Pharma Cmn
SNES,SNES - Senestech Inc
SNFCA,SNFCA - Security Natl Finl
SNGX,SNGX - Soligenix Inc
SNGXW,SNGXW - Soligenix Inc. Warrant
SNH,SNH - Senior Housing Properties Trust
SNHNI,SNHNI - Senior Housing Properties Trust
SNHNL,SNHNL - Senior Housing Properties Trust
SNHY,SNHY - Sun Hydraulics Cor
SNI,SNI - Scripps Ntwrks Int A
SNLN,SNLN - Pyxis/Iboxx Senior Loan ETF
SNMX,SNMX - Senomyx Inc
SNOA,SNOA - Sonoma Pharmaceuticals Inc
SNOAW,SNOAW - Sonoma Pharmaceuticals Inc
SNPS,SNPS - Synopsys Inc
SNSR,SNSR - Global X Internet of Things Thematic ETF
SNSS,SNSS - Sunesis Pharmaceutic
SOCL,SOCL - Glbl X Social Med ETF
SODA,SODA - Sodastream Int Ltd
SOFO,SOFO - Sonic Foundry Inc
SOHO,SOHO - Sotherly Hotels Cmn
SOHOB,SOHOB - Sotherly Hotels Inc. 8.0% Series B Cumulative Re
SOHOM,SOHOM - Sotherly Htl 7 Sr Nt
SOHU,SOHU - Sohu.Com Inc
SONA,SONA - Southern National Bk
SONC,SONC - Sonic Cp
SONS,SONS - Sonus Networks Inc
SORL,SORL - Sorl Auto Parts Inc
SOXX,SOXX - Ishares PHLX SC ETF
SP,SP - SP Plus Corporation
SPAN,SPAN - Span America Med S
SPAR,SPAR - Spartan Motors Inc
SPCB,SPCB - Supercom Ltd
SPEX,SPEX - Spherix Inc
SPHS,SPHS - Sophiris Bio Cmn
SPI,SPI - Spi Energy Co Ads
SPIL,SPIL - Siliconware Pr Ads
SPKE,SPKE - Spark Energy Cmn
SPKEP,SPKEP - Spark Energy Inc.
SPLK,SPLK - Splunk Inc
SPLS,SPLS - Staples Inc
SPNC,SPNC - Spectranetics Cp T
SPNE,SPNE - Seaspine Holdings Cmn
SPNS,SPNS - Sapiens Intl Cp Nv
SPOK,SPOK - Spok Holdings Inc
SPPI,SPPI - Spectrum Pharma Inc
SPRT,SPRT - Support.Com Inc
SPSC,SPSC - Sps Commerce Inc
SPTN,SPTN - Spartannash Company
SPU,SPU - Skypeople Fruit Juic
SPWH,SPWH - Sportsman's Wareh Cmn
SPWR,SPWR - Sunpower Corporation
SQBG,SQBG - Sequential Brands Cmn
SQQQ,SQQQ - Ultrapro Short QQQ Proshares
SQZZ,SQZZ - Strategy Shares Active Alts Contrarian ETF
SRAX,SRAX - Social Reality Inc
SRCE,SRCE - 1St Source Corp
SRCL,SRCL - Stericycle Inc
SRCLP,SRCLP - Stericycle Inc Deps
SRDX,SRDX - Surmodics Inc
SRET,SRET - Global X Superdivide
SREV,SREV - Servicesrce Intl Inc
SRNE,SRNE - Sorrento Therpt Cmn
SRPT,SRPT - Sarepta Therapeutics
SRRA,SRRA - Sierra Oncology Inc
SRSC,SRSC - Sears Canada Inc
SRTS,SRTS - Sensus Healthcare Inc Cmn
SRTSW,SRTSW - Sensus Healthcare Inc Wt
SRUNU,SRUNU - Silver Run Acquisition Corporation II Units
SSB,SSB - South State Cp Cmn
SSBI,SSBI - Summit State Bank
SSFN,SSFN - Stewardship
SSH,SSH - Sunshine Heart Inc
SSKN,SSKN - Strata Skin Scien Cmn
SSNC,SSNC - SS&C Technologies
SSRI,SSRI - Silver Stand Res
SSYS,SSYS - Stratasys Ltd
STAA,STAA - Staar Surgical Co
STAF,STAF - Staffing 360
STB,STB - Student Trnspt Inc
STBA,STBA - S&T Bancorp Inc
STBZ,STBZ - State Bank Finl Corp
STDY,STDY - Steadymed Ltd Ord Sh
STFC,STFC - State Auto Finl Corp
STKL,STKL - Sunopta Inc
STKS,STKS - The One Group Cmn
STLD,STLD - Steel Dynamics Inc
STLR,STLR - Stellar Acquisition III Inc
STLRU,STLRU - Stellar Acquisition III Inc
STLRW,STLRW - Stellar Acquisition III Inc. Warrants
STLY,STLY - Stanley Furniture
STML,STML - Stemline Therapeutic
STMP,STMP - Stamps.Com Inc
STPP,STPP - Ipath Steepener
STRA,STRA - Strayer Education
STRL,STRL - Sterling Constructio
STRM,STRM - Streamline Health So
STRS,STRS - Stratus Pptys Inc
STRT,STRT - Strattec Security
STX,STX - Seagate Tech Ord Shs
SUMR,SUMR - Summer Infant Inc
SUNS,SUNS - Solar Senior Capital
SUNW,SUNW - Sunworks Inc Cmn
SUPN,SUPN - Supernus Pharm
SVA,SVA - Sinovac Biotech Ltd
SVBI,SVBI - Severn Bancorp Inc
SVVC,SVVC - Firsthand Technology
SWIN,SWIN - Alps ETF Trust Alps/Dorsey Wright Sector Momentu
SWIR,SWIR - Sierra Wireless In
SWKS,SWKS - Skyworks Solutions
SYBT,SYBT - Stock Yards Bancorp
SYKE,SYKE - Sykes Enterprises
SYMC,SYMC - Symantec Corporation
SYMX,SYMX - Synthesis Energy Sys
SYNA,SYNA - Synaptics Inc
SYNC,SYNC - Synacor Inc
SYNL,SYNL - Synalloy Cp
SYNT,SYNT - Syntel Inc
SYPR,SYPR - Sypris Solutions
SYRS,SYRS - Syros Pharmaceuticals
SYUT,SYUT - Synutra Internationa
TA,TA - Travelcenters of America Llc
TACO,TACO - Del Taco Rest Cmn
TACOW,TACOW - Del Taco Rest Wts
TACT,TACT - Transact Tech Inc
TAIT,TAIT - Taitron Components
TANH,TANH - Tantech Holdings Cmn
TANNI,TANNI - Travelcenters of America Llc
TANNL,TANNL - Travelcenters of America Llc
TANNZ,TANNZ - Travelcenters of America Llc
TAPR,TAPR - Barclays Plc ETN
TASR,TASR - Taser Intl Inc
TAST,TAST - Carrols Rstrnt Group
TATT,TATT - T A T Tech Ltd
TAX,TAX - Liberty Tax Cl A Cmn
TAYD,TAYD - Taylor Devices Inc
TBBK,TBBK - The Bancorp Inc
TBK,TBK - Triumph Bancorp Cmn
TBNK,TBNK - Territorial Bancorp
TBPH,TBPH - Theravance Bio Ord
TCBI,TCBI - Texas Capital Bncsh
TCBIL,TCBIL - Texas Cap 6.5 Sr NTS
TCBIP,TCBIP - Texas Capital
TCBK,TCBK - Trico Bancshares
TCCO,TCCO - Technical Commctn Cp
TCFC,TCFC - The Community Fin Cp
TCMD,TCMD - Tactile Systems Technology Inc Cmn
TCON,TCON - Tracon Pharma Cmn
TCPC,TCPC - TCP Capital Corp
TCRD,TCRD - THL Credit Inc
TCX,TCX - Tucows Inc Cl A Cmn
TDIV,TDIV - First Trs Vi Nasdaq
TEAM,TEAM - Atlassian Cls A Ord
TEAR,TEAR - Tearlab Corporation
TECD,TECD - Tech Data Cp
TECH,TECH - Bio-Techne Cp Cmn
TEDU,TEDU - Tarena Intl ADR
TELL,TELL - Tellurian Inc. New
TENX,TENX - Tenax Therapeutics
TERP,TERP - Terraform Pwr Cla Cmn
TESO,TESO - Tesco Corp
TESS,TESS - Tessco Tech Inc
TFSL,TFSL - Tfs Financial Corp
TGA,TGA - Transglobe Energy Cp
TGEN,TGEN - Tecogen Inc Cmn
TGLS,TGLS - Tecnoglass Inc
TGTX,TGTX - Tg Therapeuticscmn
THFF,THFF - First Finl Corp [In]
THLD,THLD - Threshold Pharmactl
THRM,THRM - Gentherm Inc Cmn
THST,THST - Truett Hurst Cl A Co
TICC,TICC - Ticc Capital Corp
TIG,TIG - Tigenix Nv
TIL,TIL - Till Cap Res Vt Shrs
TILE,TILE - Interface Inc Cmn
TINY,TINY - Harris & Harris
TIPT,TIPT - Tiptree Fncl Cl A Cmn
TISA,TISA - Top Image Systems
TITN,TITN - Titan Machinery Inc
TIVO,TIVO - Tivo Corp
TKAI,TKAI - Tokai Pharma Cmn
TLF,TLF - Tandy  Leather Fctry
TLGT,TLGT - Teligent Cmn Stk
TLND,TLND - Talend Sa
TLT,TLT - Ishares  20-Year Bond
TMUS,TMUS - T-Mobile US Cmn
TMUSP,TMUSP - T-Mobile 5.5 Pfd A
TNAV,TNAV - Telenav Inc
TNDM,TNDM - Tandem Diabetes Care
TNXP,TNXP - Tonix Pharm Hldg Cmn
TOPS,TOPS - Top Ships Inc
TORM,TORM - Tor Minerals Intl
TOUR,TOUR - Tuniu Corporatio Ads
TOWN,TOWN - Towne Bank
TPIC,TPIC - Tpi Composites Inc Cmn
TPIV,TPIV - Tapimmune Inc
TQQQ,TQQQ - Proshres Ultrpro QQQ
TRCB,TRCB - Two River Bncrp
TRCH,TRCH - Torchlight Energy
TREE,TREE - Lendingtree Inc
TRHC,TRHC - Tabula Rasa Healthcare Inc
TRIB,TRIB - Trinity Bio ADR
TRIL,TRIL - Trillium Therapeutic
TRIP,TRIP - Tripadvisor Inc
TRMB,TRMB - Trimble Navigation
TRMK,TRMK - Trustmark Corp
TRNC,TRNC - Tronc Inc
TRNS,TRNS - Transcat Inc
TROV,TROV - Trovagene Inc
TROVU,TROVU - Trovagene Inc. Unit
TROVW,TROVW - Trovagene In Warrant
TROW,TROW - T Rowe Price Group
TRPX,TRPX - Therapix Biosciences Ltd
TRS,TRS - Trimas Corporation
TRST,TRST - Trustco Bank Corp NY
TRUE,TRUE - Truecar Inc Cmn
TRUP,TRUP - Trupanion Inc
TRVG,TRVG - Trivago Nv
TRVN,TRVN - Trevena Inc
TSBK,TSBK - Timberland Bancorp
TSC,TSC - Tristate Capital Hld
TSCO,TSCO - Tractor Supply Co
TSEM,TSEM - Tower Semiconductor
TSLA,TSLA - Tesla Inc
TSRI,TSRI - T S R Inc
TSRO,TSRO - Tesaro Inc
TST,TST - Thestreet Inc
TTD,TTD - Trade Desk Inc
TTEC,TTEC - Teletech Hldgs
TTEK,TTEK - Tetra Tech Inc
TTGT,TTGT - Techtarget Inc
TTMI,TTMI - TTM Technologies I
TTNP,TTNP - Titan Pharma Cmn
TTOO,TTOO - T2 Biosystems CS
TTPH,TTPH - Tetraphase Pharmaceu
TTS,TTS - Tile Shop Hldgs Cmn
TTWO,TTWO - Take-Two Interacti
TUES,TUES - Tuesday Morning Co
TURN,TURN - 180 Degree Capital Corp.
TUSA,TUSA - First TR Alpdex ETF
TUSK,TUSK - Mammoth Energy Services Inc
TUTI,TUTI - Tuttle Tct Mg Mlt
TUTT,TUTT - Tuttle Tct MGT US Cr
TVIA,TVIA - Terravia Hldgs Inc
TVIX,TVIX - VS 2X VIX Short Term
TVIZ,TVIZ - VS 2X VIX Mid Term
TVTY,TVTY - Tivity Health
TWIN,TWIN - Twin Disc Inc
TWMC,TWMC - Trans World Entert
TWNK,TWNK - Hostess Brands Inc
TWNKW,TWNKW - Gores Holdings Warr
TWOU,TWOU - 2U Inc Cmn Stk
TXN,TXN - Texas Instruments
TXRH,TXRH - Texas Roadhouse Inc
TYHT,TYHT - Shineco Inc
TYPE,TYPE - Monotype Imag. Hold.
TZOO,TZOO - Travelzoo Inc
UAE,UAE - Ishares MSCI UAE Cap
UBCP,UBCP - United Bncp Inc
UBFO,UBFO - United Security Bcsh
UBIO,UBIO - Proshr Ult Nq Bio
UBND,UBND - Wisdmtree W Un Bnd
UBNK,UBNK - United Fin Bncp New
UBNT,UBNT - Ubiquiti Networks I
UBOH,UBOH - United Bancshares
UBSH,UBSH - Union Bankshares Cp
UBSI,UBSI - United Bkshs Inc
UCBA,UCBA - United Community Ban
UCBI,UCBI - United Comm Banks
UCFC,UCFC - United Community Fnl
UCTT,UCTT - Ultra Clean Holdings
UDBI,UDBI - Legg Mason US Div Cr
UEIC,UEIC - Universal Elect In
UEPS,UEPS - Net 1 Ueps Techs Inc
UFCS,UFCS - United Fire Group I
UFPI,UFPI - Universal Forest Prd
UFPT,UFPT - U F P Tech Inc
UG,UG - United Guardian Inc
UGLD,UGLD - VS 3X Gold
UHAL,UHAL - A M E R C  O
UIHC,UIHC - United Insurance Hld
ULBI,ULBI - Ultralife Corp
ULH,ULH - Universal Logis Hldg
ULTA,ULTA - Ulta Salon Cosmetic
ULTI,ULTI - Ultimate Software
UMBF,UMBF - Ump Financial Corp
UMPQ,UMPQ - Umpqua Holdings Corp
UNAM,UNAM - Unico American Cp
UNB,UNB - Union Bankshares Inc
UNFI,UNFI - United Nat Foods I
UNIS,UNIS - Unilife Corporation
UNIT,UNIT - Uniti Group Inc
UNTY,UNTY - Unity Bancorp Inc
UNXL,UNXL - Uni-Pixel Inc
UPLD,UPLD - Upland Software Inc
URBN,URBN - Urban Outfitters Inc
URRE,URRE - Uranium Resources
USAK,USAK - U S A Truck Inc
USAP,USAP - Universal Stainles
USAT,USAT - USA Technologies Inc
USATP,USATP - USA Technologies Pfd
USCR,USCR - U S Concrete Inc
USEG,USEG - U S Energy Corp
USLB,USLB - PS Russell 1000 Low Beta Equal Weight
USLM,USLM - U S Lime & Mineral
USLV,USLV - VS 3X Silver
UTEK,UTEK - Ultratech Inc
UTHR,UTHR - United Therapeutic
UTMD,UTMD - Utah Medical Prod
UTSI,UTSI - Utstarcom Holdings C
UVSP,UVSP - Univest Corp of Penn
VALU,VALU - Value Line Inc
VALX,VALX - Validea Market Legen
VBFC,VBFC - Village Bank & Trust
VBIV,VBIV - Vbi Vaccines Inc CS
VBLT,VBLT - Vascular Biogen. Ord
VBND,VBND - ETF Sr Slt Vd Cr Bd
VBTX,VBTX - Veritex Holdings Cmn
VCEL,VCEL - Vericel Corproation
VCIT,VCIT - Vanguard Interm Corp
VCLT,VCLT - Vanguard Lng Tm Corp
VCSH,VCSH - Vanguard Sht Tm Cor
VCYT,VCYT - Veracyte Inc
VDSI,VDSI - Vasco Data Security
VDTH,VDTH - Videocon D2H Ltd Ads
VECO,VECO - Veeco Instrument
VEON,VEON - Veon Ltd
VGIT,VGIT - Vanguard Int Gov
VGLT,VGLT - Vanguard Long Gov
VGSH,VGSH - Vanguard Sh Term Gov
VIA,VIA - Viacom Inc Cl A
VIAB,VIAB - Viacom Inc Cl B
VIAV,VIAV - Viavi Solutions Cmn
VICL,VICL - Vical Incorporated
VICR,VICR - Vicor Cp
VIDI,VIDI - Vident Intl Eqty Fnd
VIGI,VIGI - Van Int Div App ETF
VIIX,VIIX - VS VIX Short Term
VIIZ,VIIZ - VS VIX Mid Term
VIP,VIP - Vimpelcom Ltd Ads
VIRC,VIRC - Virco MFG Cp
VIRT,VIRT - Virtu Financial Cm A
VIVE,VIVE - Viveve Medical
VIVO,VIVO - Meridian Bioscience
VKTX,VKTX - Viking Thera Cmn
VKTXW,VKTXW - Viking Theraptcs Wts
VLGEA,VLGEA - Village Super Mkt
VLRX,VLRX - Valeritas Holdings Inc
VMBS,VMBS - Vanguard Mortg Bckd
VNDA,VNDA - Vanda Pharmaceutical
VNET,VNET - 21Vianet Group Inc
VNOM,VNOM - Viper Energy LP Cmn
VNQI,VNQI - Vanguard Glb Exus Re
VOD,VOD - Vodafone Grp Plc Ads
VONE,VONE - Vanguard Russell1000
VONG,VONG - Vangrd Russl 1000 Gr
VONV,VONV - Vangrd Russl 1000Val
VOXX,VOXX - Voxx Intl Corp
VRA,VRA - Vera Bradley
VRAY,VRAY - Viewray Inc Cm ST
VREX,VREX - Varex Imaging Corp
VRIG,VRIG - Powershares Variable Rate Investment Grade Port
VRML,VRML - Vermillion Inc
VRNS,VRNS - Varonis Systems Inc
VRNT,VRNT - Verint Systems Inc
VRSK,VRSK - Verisk Analytics Inc
VRSN,VRSN - Verisign Inc
VRTB,VRTB - Vestin Realty Mtge
VRTS,VRTS - Virtus Inv Prts
VRTSP,VRTSP - Virtus Investment Partners Inc Mandatory Pfd Con
VRTU,VRTU - Virtusa Corporation
VRTX,VRTX - Vertex Pharmaceutic
VSAR,VSAR - Versartis Inc Cmn
VSAT,VSAT - Viasat Inc
VSEC,VSEC - V S E Cp
VSTM,VSTM - Verastem Inc
VTGN,VTGN - Vistagen Therap. Com
VTHR,VTHR - Vanguard Russell3000
VTIP,VTIP - Vanguard Shtm Infpro
VTL,VTL - Vital Therapies Inc
VTNR,VTNR - Vertex Energy Cmn
VTVT,VTVT - Vtv Theraptcs Cl A
VTWG,VTWG - Vangrd Rusll 2000 Gr
VTWO,VTWO - Vanguard Russell2000
VTWV,VTWV - Vangrd Rusll 2000 Va
VUSE,VUSE - Vident Core US Eqty
VUZI,VUZI - Vuzix Corp Cmn Stk
VVPR,VVPR - Vivopower International Plc Ordinary Shares
VVUS,VVUS - Vivus Inc
VWOB,VWOB - Vanguard EM Gov Bnd
VWR,VWR - Vwr Corporation Cmn
VXUS,VXUS - Vngrd Tl Intl ST ETF
VYGR,VYGR - Voyager Therapeut Cmn
VYMI,VYMI - Van Int Hi Div Yld
WABC,WABC - Westamerica Bancorp
WAFD,WAFD - Washington Federal
WASH,WASH - Washington TR Bncorp
WATT,WATT - Energous Corp Cmn
WAYN,WAYN - Wayne Savings Bcsh
WB,WB - Weibo Corp. Ads
WBA,WBA - Walgreens Boots Alliance
WBB,WBB - Westbury Bancorp
WBKC,WBKC - Wolverine Bancorp
WBMD,WBMD - Webmd Health Corp
WCFB,WCFB - Webster City Fed Bcp
WCST,WCST - Wecast Network Inc
WDC,WDC - Western Digital Cp
WDFC,WDFC - W D 40 Co
WEB,WEB - Web.Com Group Inc
WEBK,WEBK - Wellesley Bncp Inc
WEN,WEN - Wendys Company
WERN,WERN - Werner Enterprise
WETF,WETF - Wisdomtree Invstmnts
WEYS,WEYS - Weyco Gp Inc
WFBI,WFBI - Washingtonfirst Bk
WFM,WFM - Whole Foods Market
WHF,WHF - Whitehorse Finance
WHFBL,WHFBL - Whitehorse Fin Sr Nt
WHLM,WHLM - Wilhelmina Intl Cmn
WHLR,WHLR - Wheeler Real Estate
WHLRD,WHLRD - Wheeler Real Estate Investment Trust Inc
WHLRP,WHLRP - Wheeler REIT B Pfd
WHLRW,WHLRW - Wheeler REIT Wts
WIFI,WIFI - Boingo Wireless Inc
WILC,WILC - G Willi-Food Intl
WILN,WILN - Wi-Lan Inc Cmn Stk
WIN,WIN - Windstream Hldgs Inc
WINA,WINA - Winmark Corp
WING,WING - Wingstop Inc Cmn
WINS,WINS - Wins Fin Hldgs Ord
WINT,WINT - Windtree Therapeutic
WIRE,WIRE - Encore Wire Cp
WIX,WIX - Wix.Com Ltd
WKHS,WKHS - Workhorse Grp Cmn ST
WLB,WLB - Westmoreland Coal
WLDN,WLDN - Willdan Group Inc
WLFC,WLFC - Willis Lease Fin C
WLTW,WLTW - Willis Towers Wts Cmn
WMAR,WMAR - West Marine Inc
WMGI,WMGI - Wright Med Grp Nv
WMGIZ,WMGIZ - Wright Medic. N.V Cv
WMIH,WMIH - Wmih Corp. Cmn
WNEB,WNEB - Western New England Bancorp Inc
WOOD,WOOD - Ishres Gbl Tbr Forst
WOOF,WOOF - Vca Inc
WPCS,WPCS - Wpcs Intl Inc
WPPGY,WPPGY - Wpp Plc ADR
WPRT,WPRT - Westport Fuel Systems Inc
WRLD,WRLD - World Acceptance Cp
WSBC,WSBC - Wesbanco Inc
WSBF,WSBF - Waterstone Financial
WSCI,WSCI - Wsi Industries Inc
WSFS,WSFS - WSFS Financial Corp
WSFSL,WSFSL - WSFS Fnl 6.25 Sr Nt
WSTC,WSTC - West Corporation
WSTG,WSTG - Wayside Technology
WSTL,WSTL - Westell Technologies
WTBA,WTBA - West Bancorporation
WTFC,WTFC - Wintrust Finl Corp
WTFCM,WTFCM - Wintrust Fin Pref D
WTFCW,WTFCW - Wintrust Tarp Wrnts
WVE,WVE - Wave Life Sci Ord Sh
WVFC,WVFC - Wvs Financial Corp
WVVI,WVVI - Willamette Valley
WVVIP,WVVIP - Willamette Valley Vineyards In
WWD,WWD - Woodward Inc
WYIG,WYIG - Jm Global Holding Cmn
WYIGU,WYIGU - Jm Global Hold Unit
WYIGW,WYIGW - Jm Global Holdin Wt
WYNN,WYNN - Wynn Resorts Limited
XBIO,XBIO - Xenetic Biosciences Inc
XBIT,XBIT - Xbiotech Inc Cmn
XBKS,XBKS - Xenith Bankshares Inc New
XCRA,XCRA - Xcerra Corp Cmn Stk
XELB,XELB - XCEL Brands Cmn
XENE,XENE - Xenon Pharmace Cm Sh
XENT,XENT - Intersect Ent Cmn
XGTI,XGTI - XG Technology Icmn
XGTIW,XGTIW - XG Technology Inc
XIV,XIV - VS Inverse VIX Short Term
XLNX,XLNX - Xilinx Inc
XLRN,XLRN - Acceleron Pharma Cmn
XNCR,XNCR - Xencor Inc
XNET,XNET - Xunlei Limited ADR
XOG,XOG - Extraction Oil & Gas Inc
XOMA,XOMA - Xoma Corporation
XONE,XONE - The Exone Company
XPER,XPER - Xperi Corporation
XPLR,XPLR - Xplore Tech Corp De
XRAY,XRAY - Dentsply Sirona Inc
XRDC,XRDC - Crossroads Cap Inc
XTLB,XTLB - Xtl Biopharma Ads
XXIA,XXIA - IXIA
YDIV,YDIV - First Trust ETF Vi
YECO,YECO - Yulong Eco-Mtls Ord
YHOO,YHOO - Yahoo! Inc
YIN,YIN - Yintech Investm Ads
YLCO,YLCO - Global X Yieldco ETF
YNDX,YNDX - Yandex N.V.
YORW,YORW - York Water Co
YRCW,YRCW - YRC Worldwide
YTEN,YTEN - Yield10 Bioscience Inc
YTRA,YTRA - Yatra Online Inc. Ordinary Shares
YY,YY - YY Inc
Z,Z - Zillow Group Cl C
ZAGG,ZAGG - Zagg Inc
ZAIS,ZAIS - Zais Group Hld A Cmn
ZBIO,ZBIO - Proshr Ul ST Nq Bio
ZBRA,ZBRA - Zebra Technologies
ZEUS,ZEUS - Olympic Steel Inc
ZFGN,ZFGN - Zafgen Inc Cmn
ZG,ZG - Zillow Grp Inc Cl A
ZGNX,ZGNX - Zogenix Inc
ZION,ZION - Zions Bancorporation
ZIONW,ZIONW - Zions Bncrp Wts
ZIOP,ZIOP - Ziopharm Oncology In
ZIV,ZIV - VS Inverse VIX Mterm
ZIXI,ZIXI - Zix Corp
ZLTQ,ZLTQ - Zeltiq Aesthetics
ZN,ZN - Zion Oil & Gas Inc
ZNGA,ZNGA - Zynga Inc Cl A Cmn
ZSAN,ZSAN - Zosano Pharma Cmn
ZUMZ,ZUMZ - Zumiez Inc
ZYNE,ZYNE - Zynerba Pharma CS